,name,url
0,결백,https://movie.naver.com/movie/bi/mi/basic.nhn?code=180378
1,온워드: 단 하루의 기적,https://movie.naver.com/movie/bi/mi/basic.nhn?code=187351
2,사라진 시간,https://movie.naver.com/movie/bi/mi/basic.nhn?code=179894
3,침입자,https://movie.naver.com/movie/bi/mi/basic.nhn?code=182835
4,슈퍼스타 뚜루,https://movie.naver.com/movie/bi/mi/basic.nhn?code=191436
5,위대한 쇼맨,https://movie.naver.com/movie/bi/mi/basic.nhn?code=106360
6,야구소녀,https://movie.naver.com/movie/bi/mi/basic.nhn?code=189633
7,에어로너츠,https://movie.naver.com/movie/bi/mi/basic.nhn?code=167658
8,나의 첫 번째 슈퍼스타,https://movie.naver.com/movie/bi/mi/basic.nhn?code=193781
9,콜 미 바이 유어 네임,https://movie.naver.com/movie/bi/mi/basic.nhn?code=158885
10,국도극장,https://movie.naver.com/movie/bi/mi/basic.nhn?code=178569
11,"조금씩, 천천히 안녕",https://movie.naver.com/movie/bi/mi/basic.nhn?code=183427
12,와일드 시티,https://movie.naver.com/movie/bi/mi/basic.nhn?code=194309
13,전망 좋은 방,https://movie.naver.com/movie/bi/mi/basic.nhn?code=10480
14,아이 캔 온리 이매진,https://movie.naver.com/movie/bi/mi/basic.nhn?code=169647
15,1917,https://movie.naver.com/movie/bi/mi/basic.nhn?code=187321
16,패왕별희 디 오리지널,https://movie.naver.com/movie/bi/mi/basic.nhn?code=14448
17,나는보리,https://movie.naver.com/movie/bi/mi/basic.nhn?code=179394
18,너는 달밤에 빛나고,https://movie.naver.com/movie/bi/mi/basic.nhn?code=183111
19,바다로 가자,https://movie.naver.com/movie/bi/mi/basic.nhn?code=181099
20,환상의 마로나,https://movie.naver.com/movie/bi/mi/basic.nhn?code=186347
21,카페 벨에포크,https://movie.naver.com/movie/bi/mi/basic.nhn?code=185285
22,프랑스여자,https://movie.naver.com/movie/bi/mi/basic.nhn?code=185380
23,열혈형사,https://movie.naver.com/movie/bi/mi/basic.nhn?code=186704
24,들리나요?,https://movie.naver.com/movie/bi/mi/basic.nhn?code=193136
25,초미의 관심사,https://movie.naver.com/movie/bi/mi/basic.nhn?code=189119
26,언더워터,https://movie.naver.com/movie/bi/mi/basic.nhn?code=160437
27,라라랜드,https://movie.naver.com/movie/bi/mi/basic.nhn?code=134963
28,날씨의 아이,https://movie.naver.com/movie/bi/mi/basic.nhn?code=181114
29,극장판 시티헌터: 신주쿠 프라이빗 아이즈,https://movie.naver.com/movie/bi/mi/basic.nhn?code=172176
30,톰보이,https://movie.naver.com/movie/bi/mi/basic.nhn?code=85825
31,프리즌 이스케이프,https://movie.naver.com/movie/bi/mi/basic.nhn?code=193804
32,아비정전,https://movie.naver.com/movie/bi/mi/basic.nhn?code=10546
33,트롤: 월드 투어,https://movie.naver.com/movie/bi/mi/basic.nhn?code=191633
34,기도의 힘,https://movie.naver.com/movie/bi/mi/basic.nhn?code=137974
35,러빙 빈센트,https://movie.naver.com/movie/bi/mi/basic.nhn?code=144379
36,찬실이는 복도 많지,https://movie.naver.com/movie/bi/mi/basic.nhn?code=189624
37,8인: 최후의 결사단,https://movie.naver.com/movie/bi/mi/basic.nhn?code=53149
38,파리 오페라 발레단,https://movie.naver.com/movie/bi/mi/basic.nhn?code=149434
39,제인의 썸머,https://movie.naver.com/movie/bi/mi/basic.nhn?code=194405
40,아이즈 온 미 : 더 무비,https://movie.naver.com/movie/bi/mi/basic.nhn?code=189027
41,레이니 데이 인 뉴욕,https://movie.naver.com/movie/bi/mi/basic.nhn?code=152691
42,동사서독 리덕스,https://movie.naver.com/movie/bi/mi/basic.nhn?code=49085
43,스타 이즈 본,https://movie.naver.com/movie/bi/mi/basic.nhn?code=168050
44,킹 오브 프리즘 올 스타즈 -프리즘 쇼☆베스트10-,https://movie.naver.com/movie/bi/mi/basic.nhn?code=191642
45,도미노,https://movie.naver.com/movie/bi/mi/basic.nhn?code=193329
46,이장,https://movie.naver.com/movie/bi/mi/basic.nhn?code=185150
47,인생,https://movie.naver.com/movie/bi/mi/basic.nhn?code=16531
48,고양이 집사,https://movie.naver.com/movie/bi/mi/basic.nhn?code=190447
49,붉은 수수밭,https://movie.naver.com/movie/bi/mi/basic.nhn?code=10479
50,"안녕, 미누",https://movie.naver.com/movie/bi/mi/basic.nhn?code=178520
51,홍등,https://movie.naver.com/movie/bi/mi/basic.nhn?code=15058
52,백년의 기억,https://movie.naver.com/movie/bi/mi/basic.nhn?code=188162
53,세일즈맨,https://movie.naver.com/movie/bi/mi/basic.nhn?code=149059
54,벌새,https://movie.naver.com/movie/bi/mi/basic.nhn?code=179307
55,사랑에 관한 짧은 필름,https://movie.naver.com/movie/bi/mi/basic.nhn?code=17502
56,콜 오브 와일드,https://movie.naver.com/movie/bi/mi/basic.nhn?code=192147
57,저 산 너머,https://movie.naver.com/movie/bi/mi/basic.nhn?code=193092
58,씨민과 나데르의 별거,https://movie.naver.com/movie/bi/mi/basic.nhn?code=83160
59,비커밍 제인,https://movie.naver.com/movie/bi/mi/basic.nhn?code=64242
60,미스비헤이비어,https://movie.naver.com/movie/bi/mi/basic.nhn?code=192623
61,퍼니 게임,https://movie.naver.com/movie/bi/mi/basic.nhn?code=18541
62,히든,https://movie.naver.com/movie/bi/mi/basic.nhn?code=40925
63,카메론 포스트의 잘못된 교육,https://movie.naver.com/movie/bi/mi/basic.nhn?code=154278
64,아무도 머물지 않았다,https://movie.naver.com/movie/bi/mi/basic.nhn?code=107937
65,하얀 리본,https://movie.naver.com/movie/bi/mi/basic.nhn?code=52983
66,러브레터,https://movie.naver.com/movie/bi/mi/basic.nhn?code=19031
67,하이큐!! 또 다른 도전,https://movie.naver.com/movie/bi/mi/basic.nhn?code=193805
68,그랜드 부다페스트 호텔,https://movie.naver.com/movie/bi/mi/basic.nhn?code=97612
69,고봉수 감독 단편선,https://movie.naver.com/movie/bi/mi/basic.nhn?code=187552
70,귀주 이야기,https://movie.naver.com/movie/bi/mi/basic.nhn?code=11389
71,마미,https://movie.naver.com/movie/bi/mi/basic.nhn?code=124225
72,더 플랫폼,https://movie.naver.com/movie/bi/mi/basic.nhn?code=188790
73,런 보이 런,https://movie.naver.com/movie/bi/mi/basic.nhn?code=193992
74,"가장 따뜻한 색, 블루",https://movie.naver.com/movie/bi/mi/basic.nhn?code=98432
75,레옹 디 오리지널,https://movie.naver.com/movie/bi/mi/basic.nhn?code=194810
76,아홉 스님,https://movie.naver.com/movie/bi/mi/basic.nhn?code=193990
77,타오르는 여인의 초상,https://movie.naver.com/movie/bi/mi/basic.nhn?code=185282
78,파도를 걷는 소년,https://movie.naver.com/movie/bi/mi/basic.nhn?code=185153
79,그집,https://movie.naver.com/movie/bi/mi/basic.nhn?code=193837
80,문라이즈 킹덤,https://movie.naver.com/movie/bi/mi/basic.nhn?code=90537
81,영웅: 천하의 시작,https://movie.naver.com/movie/bi/mi/basic.nhn?code=34431
82,기억의 전쟁,https://movie.naver.com/movie/bi/mi/basic.nhn?code=179414
83,까밀 리와인드,https://movie.naver.com/movie/bi/mi/basic.nhn?code=97466
84,로렌스 애니웨이 ,https://movie.naver.com/movie/bi/mi/basic.nhn?code=95203
85,마담 프루스트의 비밀정원,https://movie.naver.com/movie/bi/mi/basic.nhn?code=113170
86,바람의 언덕,https://movie.naver.com/movie/bi/mi/basic.nhn?code=189438
87,보이콰이어,https://movie.naver.com/movie/bi/mi/basic.nhn?code=129672
88,아이언 마스크: 용패지미,https://movie.naver.com/movie/bi/mi/basic.nhn?code=194413
89,어느 가족,https://movie.naver.com/movie/bi/mi/basic.nhn?code=172174
90,B급 며느리,https://movie.naver.com/movie/bi/mi/basic.nhn?code=162153
91,가버나움,https://movie.naver.com/movie/bi/mi/basic.nhn?code=174830
92,걸어도 걸어도,https://movie.naver.com/movie/bi/mi/basic.nhn?code=50749
93,검은 여름,https://movie.naver.com/movie/bi/mi/basic.nhn?code=168745
94,괴물의 아이,https://movie.naver.com/movie/bi/mi/basic.nhn?code=134134
95,기도하는 남자,https://movie.naver.com/movie/bi/mi/basic.nhn?code=179399
96,늑대아이,https://movie.naver.com/movie/bi/mi/basic.nhn?code=93005
97,더 스퀘어,https://movie.naver.com/movie/bi/mi/basic.nhn?code=154223
98,돼지의 왕,https://movie.naver.com/movie/bi/mi/basic.nhn?code=78872
99,레미: 집 없는 아이,https://movie.naver.com/movie/bi/mi/basic.nhn?code=180350
100,멀홀랜드 드라이브,https://movie.naver.com/movie/bi/mi/basic.nhn?code=33158
101,문신을 한 신부님,https://movie.naver.com/movie/bi/mi/basic.nhn?code=188765
102,미래의 미라이,https://movie.naver.com/movie/bi/mi/basic.nhn?code=172137
103,미스 스티븐스,https://movie.naver.com/movie/bi/mi/basic.nhn?code=147045
104,바닷마을 다이어리,https://movie.naver.com/movie/bi/mi/basic.nhn?code=132610
105,배짱이들,https://movie.naver.com/movie/bi/mi/basic.nhn?code=141880
106,보리밭을 흔드는 바람,https://movie.naver.com/movie/bi/mi/basic.nhn?code=49380
107,비긴 어게인,https://movie.naver.com/movie/bi/mi/basic.nhn?code=96379
108,비행,https://movie.naver.com/movie/bi/mi/basic.nhn?code=172181
109,비홀드 마이 하트,https://movie.naver.com/movie/bi/mi/basic.nhn?code=147033
110,사랑의 찬가,https://movie.naver.com/movie/bi/mi/basic.nhn?code=33570
111,시간을 달리는 소녀,https://movie.naver.com/movie/bi/mi/basic.nhn?code=63513
112,썸머 워즈,https://movie.naver.com/movie/bi/mi/basic.nhn?code=69951
113,아워 뮤직,https://movie.naver.com/movie/bi/mi/basic.nhn?code=40694
114,애프터 웨딩,https://movie.naver.com/movie/bi/mi/basic.nhn?code=65200
115,어메이징 그레이스,https://movie.naver.com/movie/bi/mi/basic.nhn?code=146068
116,엽문4: 더 파이널,https://movie.naver.com/movie/bi/mi/basic.nhn?code=190568
117,원더풀 라이프,https://movie.naver.com/movie/bi/mi/basic.nhn?code=27414
118,인비저블맨,https://movie.naver.com/movie/bi/mi/basic.nhn?code=189001
119,작은 빛,https://movie.naver.com/movie/bi/mi/basic.nhn?code=180851
120,잡식가족의 딜레마,https://movie.naver.com/movie/bi/mi/basic.nhn?code=123389
121,젊은이의 양지,https://movie.naver.com/movie/bi/mi/basic.nhn?code=10478
122,족구왕,https://movie.naver.com/movie/bi/mi/basic.nhn?code=103797
123,죽도 서핑 다이어리,https://movie.naver.com/movie/bi/mi/basic.nhn?code=185136
124,최악의 하루,https://movie.naver.com/movie/bi/mi/basic.nhn?code=142689
125,타샤 튜더,https://movie.naver.com/movie/bi/mi/basic.nhn?code=177335
126,태풍이 지나가고,https://movie.naver.com/movie/bi/mi/basic.nhn?code=146548
127,플로리다 프로젝트,https://movie.naver.com/movie/bi/mi/basic.nhn?code=164719
128,필름 소셜리즘,https://movie.naver.com/movie/bi/mi/basic.nhn?code=74387
129,한여름의 판타지아,https://movie.naver.com/movie/bi/mi/basic.nhn?code=130342
130,나는 네가 지난 여름에 한 일을 알고 있다,https://movie.naver.com/movie/bi/mi/basic.nhn?code=19094
131,너의 췌장을 먹고 싶어,https://movie.naver.com/movie/bi/mi/basic.nhn?code=159830
132,도쿄 타워,https://movie.naver.com/movie/bi/mi/basic.nhn?code=65290
133,동성서취,https://movie.naver.com/movie/bi/mi/basic.nhn?code=17905
134,드라큐라,https://movie.naver.com/movie/bi/mi/basic.nhn?code=14397
135,라이프 오브 파이,https://movie.naver.com/movie/bi/mi/basic.nhn?code=87309
136,로스트 인 파리,https://movie.naver.com/movie/bi/mi/basic.nhn?code=156259
137,무서운 이야기,https://movie.naver.com/movie/bi/mi/basic.nhn?code=96326
138,미스 사이공: 25주년 특별 공연,https://movie.naver.com/movie/bi/mi/basic.nhn?code=155123
139,미져리,https://movie.naver.com/movie/bi/mi/basic.nhn?code=10489
140,블루 발렌타인,https://movie.naver.com/movie/bi/mi/basic.nhn?code=73588
141,스크림,https://movie.naver.com/movie/bi/mi/basic.nhn?code=23847
142,아워 바디,https://movie.naver.com/movie/bi/mi/basic.nhn?code=179095
143,에이리언,https://movie.naver.com/movie/bi/mi/basic.nhn?code=10037
144,에이리언 2,https://movie.naver.com/movie/bi/mi/basic.nhn?code=10038
145,엑시트,https://movie.naver.com/movie/bi/mi/basic.nhn?code=174903
146,우리들,https://movie.naver.com/movie/bi/mi/basic.nhn?code=146504
147,윤희에게,https://movie.naver.com/movie/bi/mi/basic.nhn?code=182387
148,"지금, 만나러 갑니다",https://movie.naver.com/movie/bi/mi/basic.nhn?code=39636
149,창문넘어 도망친 100세 노인,https://movie.naver.com/movie/bi/mi/basic.nhn?code=123050
150,첫사랑,https://movie.naver.com/movie/bi/mi/basic.nhn?code=18874
151,캐리,https://movie.naver.com/movie/bi/mi/basic.nhn?code=11757
152,프랭크,https://movie.naver.com/movie/bi/mi/basic.nhn?code=102958
153,플라이,https://movie.naver.com/movie/bi/mi/basic.nhn?code=11093
