,title,artists,location,term,open_at,close_at,day,explain,price
0,《VERT ART》 ARTIST TALK 유튜브 동시중계 (4/18 SAT),"
Sen Chung
",서울특별시 종로구 우정국로 45-14 (수송동) ,"
                                2020-04-18 ~ 2020-04-18
                            ","
                                10:00 ~ 18:00
                                
                                    
                                    - 화-토 10am~6pm- 수 10am~9pm*일요일, 월요일
                                
                            ","
                                10:00 ~ 18:00
                                
                                    
                                    - 화-토 10am~6pm- 수 10am~9pm*일요일, 월요일
                                
                            ","
                                10:00 ~ 18:00
                                
                                    
                                    - 화-토 10am~6pm- 수 10am~9pm*일요일, 월요일
                                
                            ","​OCI미술관에서 샌정 초대개인전 《VERY ART》의 아티스트 토크를 진행합니다. 전시를 통해 한국과 독일을 오가며 왕성한 활동을 펼치고 있는 작가의 더욱 심화된 추상화 30여점을 만나보실 수 있습니다. ● 바이러스 확산 방지를 위해 아쉽지만 이번 아티스트 토크는 선착순 10분만 모시고 진행될 예정입니다. 10분에게는 참석 확정 안내 메일을 보내드리겠습니다. 아울러 참여자분들의 안전을 지키기 위하여 아래의 사항을 요청드립니다. 모두의 건강을 위한 조치이오니, 불편하시더라도 작은 협조 바랍니다. :-) • 마스크 착용• 좌석 간 간격 유지• 손소독제 사용, 손 세척 등 개인 위생 관리• 체온 37.5도 이하 참여 가능 ● 직접 방문하지 않으셔도 즐기실 수 있습니다! 현장에서 함께하지 못하는 분들을 위하여 OCI미술관 유튜브 채널에서 실시간 라이브를 진행합니다. 아래 링크를 통해 시청하실 수 있으며, 자유로운 질의응답이 가능하오니 적극적인 참여를 부탁드립니다. ------------------------------------------------------------------------------------------------ ▼현장 참석 사전신청 하러가기▼https://forms.gle/i4kuQZVjkb7geuNk9 ▼유튜브 실시간 라이브 바로가기▼https://youtu.be/t6EuBo_FJr8 ------------------------------------------------------------------------------------------------​ 일  시 : 2020년 4월 18일 (토) 오후 3시대  상 : 문화예술에 관심있는 누구나장  소 : OCI미술관 (서울시 종로구 우정국로 45-14)         OCI미술관 유튜브 채널 (채널명: ocimuseum)진  행 : 김소라 수석큐레이터참가비 : 무료문  의 : 02-734-0440 ------------------------------------------------------------------------------------------------ ※ 홍보 및 아카이브 자료 수집, 실시간 라이브를 위한 사진 및 영상 촬영이 있습니다.","
                                
                                    무료
                                
                                
                            "
1,모네에서 세잔까지,"
폴 세잔,
                                    
                                
                                    
                                        오귀스트 르누아르,
                                    
                                
                                    
                                        폴 고갱,
                                    
                                
                                    
                                        클로드 모네
                                    
                                
                                 외 다수
                            ",서울특별시 서초구 남부순환로 2406 (서초동) 예술의전당 한가람미술관,"
                                2020-01-17 ~ 2020-04-19
                            ","
                                10:00 ~ 19:00
                                
                                    
                                    입장마감 18:00매주 월요일 휴관
                                
                            ","
                                10:00 ~ 19:00
                                
                                    
                                    입장마감 18:00매주 월요일 휴관
                                
                            ","
                                10:00 ~ 19:00
                                
                                    
                                    입장마감 18:00매주 월요일 휴관
                                
                            ","이번 ‘모네에서 세잔까지: 국립이스라엘 미술관 인상파 걸작展’은 전시와 문화 예술의 향유 확대를 위해 기획된 한국인의 선호도가 가장 높은 인상파 전시로, 예루살렘 국립 이스라엘 미술관 컬렉션에서 엄선한 인상주의 106점의 명화를 선보입니다. 인상파의 창시자 클로드 모네의 최고 걸작으로 잘 알려진 ‘수련’이 이번 전시에 공개되며, 바쁘게 살아가고 있는 현대인들이 삶의 휴식과 같은 작품을 통해 행복을 느낄 수 있는 전시가 될 것입니다.","
                                
                                    15,000원
                                
                                
                                    
                                        청소년 12,000원어린이 10,000원
                                    
"
2,9 to 0 (Nine to Zero),"
요요진
",서울특별시 마포구 독막로9길 34 (서교동) ,"
                                2020-04-03 ~ 2020-04-19
                            ","
                                11:00 ~ 20:00
                                
                                    
                                    연중무휴
                                
                            ","
                                11:00 ~ 20:00
                                
                                    
                                    연중무휴
                                
                            ","
                                11:00 ~ 20:00
                                
                                    
                                    연중무휴
                                
                            ","[전시요약]아트아치, 2020.04.03 ~ 2020.04.19선과 선을 이어 독특하고 귀여운 캐릭터로 생명을 불어넣는 두들 아티스트 요요진 작가의 개인전< 9 to 0 (Nine to Zero) >‘0’이 되어버리면 어때, 의미 없는 ‘0’은 없어‘9’와 ‘0’이라는 숫자는 작가가 아프리카 잠비아에서 활동한 ‘9’년이라는 시간과 그 시간들을 지나 한국으로 돌아왔을 때‘0’으로 다시 시작해야만 했던 작가의 상황을 의미한다. ‘뭔가를 끼적거리다’라는 뜻의 두들(Doodle) 아트로 캔버스를 가득 채운 작품들을 통해,열정과 의미 있는 ‘9’의 시간들을 지나 아무 것도 없는 ‘0’이라는 순간을 맞이한 관점의 변화에 대해 이야기하고자 한다.[전시소개] ‘0’이 되어버리면 어때, 의미 없는 ‘0’은 없어 선과 선을 이어 독특하고 귀여운 캐릭터로 생명을 불어넣는 두들 아티스트,요요진(YOYOJIN) 작가의 개인전 < 9 to 0 (Nine to Zero) >를 소개합니다.‘9’와 ‘0’이라는 숫자는 작가가 아프리카 잠비아에서 활동한 ‘9’년이라는 시간과그 시간들을 지나 한국으로 돌아왔을 때 ‘0’으로 다시 시작해야만 했던 작가의 상황을 의미합니다.누구도 시키지 않은 어떠한 일을 완성하고자 계속 나아갈 때,우리는 한번쯤 배터리가 3퍼센트쯤 남은 방전 직전의 휴대전화처럼무기력해지는 순간을 맞이합니다.이번 전시는 누구보다 열심히 달려왔지만 문득 허무 해질 때, 내 것은 아무것도 없다고 느낄 때, 앞으로의 길이 아득해 보이지 않을 때,고개 숙인 적이 있던 이들을 위한 응원을 보냅니다. 작가는 작품을 통해 9를 지나 맞이한 의미 없는 ‘0’으로부터 나를 있게 한 ‘0’으로의 관점의 변화, 그 순간에 대해 이야기하고자 합니다.그리는 선 하나하나가 완벽하기를 추구했기 때문에더 열심히, 그리고 치열하게 캔버스를 채웠던 작가처럼쉼 없이 달려온 당신에게 말해주고 싶습니다.결국은 완벽하지 않은 선들이 모여 한 폭의 작품이 된다는 것을,‘0’이 되어버렸다고 느껴도 괜찮다고,그 ‘0’들이 모여 또 다른 시작인 ‘1’을 쌓기 위한 땅이 되어줄 것이라고.모두의 ‘0’을 위한 이야기, ARTARCH가 준비한 전시를 통해 만나 보시기 바랍니다.","
                                
                                    5,500원
                                
                                
                                    
                                        커피한잔이 관람이용권이 됩니다.아이스 아메리카노 5,000원

"
3,볼로냐 일러스트 원화전 2019,"
                                
                                다수
                            ",서울특별시 서초구 남부순환로 2406 (서초동) 예술의전당 한가람미술관,"
                                2020-02-06 ~ 2020-04-23
                            ","
                                10:00 ~ 19:00
                                
                                    
                                    (입장마감시간 18:20)
                                
                            ","
                                10:00 ~ 19:00
                                
                                    
                                    (입장마감시간 18:20)
                                
                            ","
                                10:00 ~ 19:00
                                
                                    
                                    (입장마감시간 18:20)
                                
                            ","<볼로냐 일러스트 원화전>은 1967년부터 시작하여 2019년 53회째 전시를 진행하고 있는 세계에서 가장 권위 있는 일러스트 전시 중 하나입니다. 매년 세계 80여 개국에서 3천여 명이 넘는 아티스트가 이 전시에 도전장을 내밀고 있으며, 최고의 전문가로 구성된 심사위원을 통해 최종 70여 명의 작가들을 올해의 일러스트레이터로 선정하고 작품 전시 기회를 제공하고 있습니다. 선정된 작품들은 일러스트의 현재를 가장 잘 보여줌과 동시에 실험적이고 감각적인 일러스트를 보여주고 있습니다.","
                                
                                    12,000원
                                
                                
                                    
                                        일반 12,000원청소년 10,000원어린이 8,000원

"
4,그늘이 머물다간 풍경,"
권소영
",서울특별시 종로구 삼청로7길 37 (팔판동) ,"
                                2020-04-22 ~ 2020-04-28
                            ","
                                11:00 ~ 18:00
                                
                            ","
                                11:00 ~ 18:00
                                
                            ","
                                11:00 ~ 18:00
                                
                            ",자연이 지닌 태초의 힘  여행지에서의 자연은 일상에서 느낄 수 없는 다양한 영감과 자극을 제공하기 마련이다. 권소영에게 깊은 인상으로 자리 잡은 호주의 자연경관은 상상과 현실이 어우러진 채 재구성되어 화면 안에 펼쳐진다. 이는 실제 여행의 구체적인 장소가 내면화의 작용을 거쳐 본인만의 이상적인 공간으로 환치된 세상이다. 작가는 화면을 좌우로 길게 전개하여 자연과 내가 하나가 되어 시선으로 거닐 수 있는 공간을 표현한다. 풍경은 정지해 있는 것처럼 보이면서도 그 속에 거대한 에너지를 내포하며 끊임없이 움직이는 이미지의 원형이다. 작가는 여행을 통해 느낀 대자연에 대한 감동과 사색을 우리에게 전달하고 우리의 정신을 자유롭게 하는 데에 그 목적을 둔다.  자연의 거대한 생명력과 치유력은 인간으로 하여금 자연을 경이로운 존재로 각인시켜왔다. 우리는 그 안에서 자연과 소통하며 위안을 얻고 자신의 존재를 확인하기도 한다. 특히 여행지에서 마주하는 웅장한 자연경관은 우리에게 크고 작은 자극을 받을 수 있는 기회를 제공한다. 마찬가지로 예술가에게도 새로운 장소에서의 경험은 작품의 소재를 이끌어내는 중요한 계기가 된다. 권소영 작업의 근간은 여행과 그에 따른 기억의 기록이며 그 끝은 자연과 내가 하나가 되는 물아일체의 세계를 담아내는 것이다. 작가에게 자연은 교감의 대상이며 생명의 본질을 간직하고 있는 공간이다. 화면에 담긴 풍경은 어디선가 한번쯤은 본 것처럼 익숙하지만 그 안에는 실제적인 것과 상상적인 것이 교묘히 결합되어 있다. 여기에는 단순히 여행이 주는 여유를 넘어서 어떠한 것에도 얽매이지 않는 자유와 해방에 도달한 경지를 담고 있다. 작가는 풍경을 관찰하고 이를 토대로 적절한 선택과 생략의 과정을 거쳐 자신만의 예술 언어를 만들어낸다. 특히 호주의 자연에 속해 있는 헤아리기 힘든 이국적인 색채들을 동양화 특유의 차분한 기조로 표현하는데 집중한다. 화면 안에는 꽤 많은 부분이 여백으로 남겨지는데 화면 안에서 극명하게 나뉘는 탁 트인 여백과 조밀한 묘사의 대비는 오히려 작가가 그린 붓놀림에 시선을 고정시킨다. 무수히 많은 수묵의 점들이 쌓여가면서 만들어내는 작은 움직임은 커다란 자연의 에너지로 귀결되며 섬세한 농담의 변화를 만들어간다. 여기에 확연히 드러나는 수평적 구도는 차분함과 고요함을 배가시키며 실존적인 느낌마저 자아낸다. 사람의 흔적이라고는 전혀 보이지 않는 공간은 비현실적인 분위기를 배가시키며 하나의 연극무대와 같이 의도적으로 연출된 것처럼 보이기도 한다. 작가는 불필요한 것은 최대한 덜어내고 자연이 가지고 있는 원초적이고 순수한 생명력을 담아내고 있으며 이를 통해 우리의 삶을 이끌어 가는 정신적인 의미와 가치에 대해 사유하고자 한다.  인간은 자연 속에서 진정한 자아를 발견하며 생명에 관한 존재의 근원과 방식에 질문하고 대답을 찾기도 한다. 자연을 동경하는 작가의 경향은 작업을 이어나가는 원동력임에는 틀림없으며 여행에서의 경험과 사유는 무한한 발상을 가능하게 한다. 그리고 여기에 더해진 작가만의 예술적 상상력은 이상적인 세계를 시각화하는데 중요한 역할을 한다. 정신의 표현은 결국 물질로 귀결되듯이 예술은 작가가 가진 대상에 대한 인식을 바탕에 둔 심상의 표현이다. 권소영은 직관과 사유의 적절한 조화 속에서 자연이 지닌 태초의 에너지에 귀를 기울이고자 하며 자연으로부터의 사색을 통해 정서가 위축된 현대인의 삶이 치유하기를 희망한다.,"
                                
                                    무료
                                
                                
                            "
5,On High,"
이경현
",서울특별시 중구 을지로5길 16 (을지로2가) 지하 1층,"
                                2020-04-06 ~ 2020-04-29
                            ","
                                11:00 ~ 20:00
                                
                                    
                                    월요일부터 금요일까지, 11:00 ~ 18:00
                                
                            ","
                                11:00 ~ 20:00
                                
                                    
                                    월요일부터 금요일까지, 11:00 ~ 18:00
                                
                            ","
                                11:00 ~ 20:00
                                
                                    
                                    월요일부터 금요일까지, 11:00 ~ 18:00
                                
                            ",none,"
                                
                                    무료
                                
                                
                            "
6,임현경 ‘숲의 장막' 展,"
임현경
",서울특별시 관악구 관악로 1 (신림동) ,"
                                2020-02-04 ~ 2020-04-30
                            ","
                                10:00 ~ 18:00
                                
                            ","
                                10:00 ~ 18:00
                                
                            ","
                                10:00 ~ 18:00
                                
                            ","는 도시 속에 마주하게 되는 공원, 혹은 정원의 풍경에서 수많은 나무와 그것을 가꾸어 정원을 다듬고 만드는 누군가의 손길을 발견하게 된다. 봄, 여름, 가을, 겨울이 지나 다시 봄을 맞이할 때 그 시간의 흐름 속에서 나는 숲 속의 누군가의 존재를 감지한다. 도시 속의 이름 모를 정원사는 쉴 새 없이 나무에 물을 대 씨앗이 움트는 것을 도와주고, 나무가 쓰러지지 않도록 버팀목을 대어주는가 하면, 나무끼리의 지지대를 통해 마치 하나의 유기적인 건축과도 같은 구조물을 연출해 놓기도 한다. 나는 이 보이지 않는 손길이 이루어 놓은 특별한 공간, 추운 겨울의 연약한 나무가 얼지 않도록 붕대로 감싸 보호하며, 때로는 나무를 덮어주는 휘장 혹은 커튼으로 싸여진 보호의 공간을 상상해본다. 그 공간은 자신의 존재 너머의 누군가와 만나는 치유의 공간으로 구별되는데 누구에게나 열려있는 숲의 장막으로의 초대라고 할 수 있다. (작업노트 중에서)전시는 30여점의 작품이 전시되며 신작 포함 작가의 이전 작업도 함께 전시될 예정이다.","
                                
                                    무료
                                
                                
                            "
7,강남모던걸,"
몽상,
                                    
                                
                                    
                                        EE
                                    
                                
                                 외 5 명
                            ",서울특별시 강남구 봉은사로 120 (역삼동) 1층 ,"
                                2019-12-20 ~ 2020-04-30
                            ","
                                11:00 ~ 20:00
                                
                                    
                                    입장마감 : 19:00휴관일: 매주 둘째주 월요일
                                
                            ","
                                11:00 ~ 20:00
                                
                                    
                                    입장마감 : 19:00휴관일: 매주 둘째주 월요일
                                
                            ","
                                11:00 ~ 20:00
                                
                                    
                                    입장마감 : 19:00휴관일: 매주 둘째주 월요일
                                
                            ","강남한복판에서 열리는 감성 비주얼 체험전시 <강남모던-걸>展뉴트로(newtro)는 일시적인 유행이라기보다는 전세계적으로 재창조되고 있는 하나의 분명한 ‘코드’입니다.. <강남모던-걸>展은 지난100년 전 신여성의 열정과 삶을 아트워크와 컨셉 공간으로 재현하여 관람객들의 뉴트로 감성을 자극하는 체험형 전시입니다.<강남모던-걸>展에서는 그 시대와 인물로부터 영감을 받은 현대 아티스트 다혜, 라미, 몽상, 수수, 아갸미, 온진, 호사, EE 등 현재 가장 주목받고 있는 작가들의 개성 넘치는 작품이 준비되어 있으며, 100년 전 모던걸의 일상을 재현한 다채로운 공간이 펼쳐집니다. 모던걸의 침실과 욕실, 그녀들의 커리어 세계, 자신의 솔직한 감정과 자유로운 연애 이야기부터 민족을 위한 고민과 저항의 시간들이 감각적으로 구성되어 있습니다. 이렇듯 시대를 넘어선 다양한 공간을 직접 경험하고 ‘인증샷’ 등으로 담아가 보세요!","
                                
                                    15,000원
                                
                                
                                    
                                        청소년(중고생 만 13세 미만) : 12,000원어린이 : 9,000원
                                    
"
8,툴루즈 로트렉 展,"
툴루즈 로트렉
",서울특별시 서초구 남부순환로 2406 (서초동) 예술의전당 한가람미술관,"
                                2020-01-14 ~ 2020-05-03
                            ","
                                10:00 ~ 19:00
                                
                                    
                                    매주 월요일 휴관
                                
                            ","
                                10:00 ~ 19:00
                                
                                    
                                    매주 월요일 휴관
                                
                            ","
                                10:00 ~ 19:00
                                
                                    
                                    매주 월요일 휴관
                                
                            "," <현대 포스터의 아버지>로 불리는 툴루즈 로트렉은 19세기 후반, 예술의 거리 몽마르트, 밤 문화의 상징 물랑 루즈 등을 무대로 파리 보헤미안의 라이프 스타일을 날카롭게 그려낸 프랑스 화가입니다. 이번 전시회에 소개되는 포스터, 석판화, 드로잉, 스케치, 일러스트 및 수채화들과 로트렉의 사진 및 영상 등은 전시장을 찾는 관람객들을 19세기 말 파리로 안내해 줄 것입니다.  2007년부터 그리스와 미국 이탈리아 등지에 순회 전시 중이며 이번 서울 전시회는 14번째 전시입니다. 국내에서 선보이는 로트렉의 첫번째 단독전으로 어린이부터 어른까지 모두 함께 즐길 수 있는 전시회입니다.","
                                
                                    15,000원
                                
                                
                                    
                                        청소년 12,000원어린이 10,000원
                                    
"
9,VERY ART,"
Sen Chung
",서울특별시 종로구 우정국로 45-14 (수송동) OCI 미술관,"
                                2020-03-19 ~ 2020-05-16
                            ","
                                10:00 ~ 18:00
                                
                                    
                                    - 화-토 10am~6pm- 수 10am~9pm* 일요일, 월요일 휴관
                                
                            ","
                                10:00 ~ 18:00
                                
                                    
                                    - 화-토 10am~6pm- 수 10am~9pm* 일요일, 월요일 휴관
                                
                            ","
                                10:00 ~ 18:00
                                
                                    
                                    - 화-토 10am~6pm- 수 10am~9pm* 일요일, 월요일 휴관
                                
                            ","회화적인, 너무도 회화적인캔버스를 마주한 화가에게 그림이란 어떤 의미인가? 수 세기 동안 화가들이 스스로 질문을 던져보았을 이 미술사적 과제는 작가 샌정에게도 오랜 탐구의 대상이자 작품의 주제 의식이었다. 특히 최근 그의 작업은 회화성, 회화’의’ 세계, 회화’와’ 세계에 대한 고뇌를 거듭한다. 지난 몇 년간 그의 개인전 제목인 ≪그림 연습/ 그림 그 자체/전시장의 그림/형태에서 세계로/우주를 형성하기/그림들≫1 만 살펴보더라도, 개념적이며 포괄적인 단어를 선택하여 그의 작업에서 구체적이고 감상적인 접근 대신 객관적인 이론화와 추상화가 꾸준히 가속되어 왔음을 짐작할 수 있다.이번 OCI미술관의 개인전 역시 ＜VERY ART＞라는 묵직한 제목의 전시이다. 그만큼 작가가 소신껏 준비한 것으로 이 전시는 그의 사유가 어떻게 캔버스 안으로 수렴되고 있는지를, 그리고 회화 세계가 어떻게 펼쳐지는지를 망라하여 보여주는 자리이다. 우선, 샌정 본인은 이 전시를 이렇게 규정한다. VERY ART 회화의 심미적 영역과 관련해 미적 판단의 테두리 안에서 그려내지고 ART적인 너무도 ART적인 생각의 궤적이 만들어낸 또 하나의 세계를, 흐릿하게 관조의 중심 축으로 자리하는 형상들을 추상적 노스텔지어와 멜랑콜리아로 표현한 전시‘ART’라는 거대 담론의 전제 아래, 그가 추구하는 회화는 주관적 표현이나 감각적 쾌락에 국한되는 것이 아니라 ‘아름답다’고 판단 내려지는 것이다. 칸트가 『판단력 비판』에서 천명한 무관심성, 일체의 관심 없이 대상을 판단하는 것이자 ‘상상력과 지성의 자유로운 유희에 있어서 나타나는 마음의 상태’로, 샌정의 회화에는 필연적으로 거리 두기, 즉 관조의 태도가 요구된다. 그림을 그리는 개성적인 창작자인 동시에 그림을 무관심적으로 바라보는 감상자의 입장이 되어야 하는 화가에게 캔버스란 주관성과 보편성이 마주하고 충돌하는 장(場)인 동시에 중립을 지키는 중성적 공간이다. 말 그대로 일종의 ‘회색지대’로서 캔버스는 펼쳐지는데, 샌정은 실제로도 캔버스 위에 밝은 회색 물감을 올려 배경을 그린다. 여기에는 옅은 듯, 혹은 짙은 듯, 깊이를 헤아리기 어려운 대기감(大氣感)이 어려 새로운 차원의 세계로 우리를 이끈다. 실제에서는 어디에도 있을 법하지 않은, 이 가상의 세계는 감상자로 하여금 철학적 의미를 찾고 존재론적 가치를 부여하고픈 욕망을 불러일으키나, 회화는 그 자체로 침묵하며 섣부른 ‘자리매김’을 거부한다.오히려 그의 회화에서 먼저 감지되는 것은 캔버스 표면의 붓질과 물감으로 이루어진 물질성이다. 붓을 든 작가의 제스처에 따라 표현되는 고유의 호흡은 화폭 위로 형상을 떠 오르게 하고, 또 깊숙이 가라앉게 한다. 샌정의 전작(前作)에서 이 형상들은 이국적인 여인상이나 들판 위의 백마처럼 몽환적인 모습을 지니고 있었다면, 이 형상은 점차 반추상에서 기하학적 추상으로, 그리고 이번 전시에서는 몇 가닥의 선으로까지 응축된다. 형상의 기화(氣化)라고도 할 수 있는 이 과정에서 작가의 회화-밖-경험은 회화-안-형태로 나타나기까지 무수한 정보의 생략과 함축, 감성의 증폭과 절제가 포개어지고 가다듬어진다. 그 결과, ‘이것은 OO을 뜻한다.’라는 정의 대신 아무것도 확인되지 않는 무심한 바닥으로 작품을 이끈다.원시적(primitive)이라고 여겨질 만큼 형상의 틀을 벗어나 내밀함을 강조하는 그의 회화는 얼핏 모노 톤의 화면으로 균질하게 정돈되어 있는 듯하다. 하지만 그의 작품을 조금만 더 들여다보고 있노라면 물감의 두께감, 선의 갈라짐, 색의 충돌 등 회화적 요소로 인해 긴장감으로 가득 차 있다. 그의 작업에서는 개별 작품마다 고유의 리듬을 가지고 있기도 하거니와 때때로 동일한 모티브가 여러 점의 작품을 통해 변주되고는 하는데, 그 속에서 색과 선은 뭉쳐지고, 흩어지고, 미끄러진다. 미세하지만 분명한 긴장과 균열은 그의 작품 속 대기감에 섬세하게 파문을 일으키는데, 이 잔잔한 운동 속에서 어느 쪽으로도 지나치게 치우치지 않는 미묘함이야말로 샌정 작품에 주요한 분위기이다. 작가는 이를 ‘부유감’이라고 표현하곤 한다. 달리 말하면, 창작 활동 중 끊임없이 감각과 사유의 상호 탐색과 침투가 벌어지며 그 지난한 과정이 마침내 가라앉을 때, 비물질적인 사유가 떠다니다가 캔버스 위에 침전하여, 그렇게 회화가 된다.뻔한 얘기 같지만, 결국 회화는 물질과 정신의 상호 교환 속에서 그 책무를 이행한다. 샌정은 작가 노트에서 “세계는 회화라는 장르에 생각이 이르게 하고, 회화는 숙명처럼 그 세계를 열어 보인다.”2 라고 고백한다. 그에게 회화-밖-세상은 회화-안-세상으로 이동 가능한 동시에, 두 세계는 전체로서 동일하다. 은폐된 세계의 본질은 작가의 감성적 주관성이 가까스로 세계의 보편성과 마주하게 될 때 비로소 드러난다. 샌정의 회화에서 ‘추상적 노스텔지어와 멜랑콜리아로 표현되는’, 그 그리움과 아득함의 대상이야말로 예술의 근원일 것이다. 결코 도달할 수 없을 그 기원을 찾아 헤매는 행위 자체가 ‘VERY ART’한 것이 아닌가. 샌정의 작업은 이렇게 영원히 지속될 비완성의 노정을 걸으며, 화가로서 그리고 예술가로서 오늘도 묵묵히 세상을 그린다.1 Study Painting(nook gallery, Seoul 2015); Painting Itself(gallery EM, Seoul 2016); Pictures in a Gallery(nook gallery, Seoul 2015, 2018); A Form to the World(Choi & Lager, Cologne/Germany 2018); Formed the Universe(Choi & Lager, Seoul 2019); Paintings(Osterhaus Museum, Hagen/Germany 2020)2 샌정, 회화론, 2019","
                                
                                    무료
                                
                                
                            "
10,blinding memory展,"
이용제
",서울특별시 중구 청계천로 14 (무교동) ,"
                                2020-04-01 ~ 2020-06-29
                            ","
                                00:00 ~ 00:00
                                
                            ","
                                00:00 ~ 00:00
                                
                            ","
                                00:00 ~ 00:00
                                
                            ","자기로 존재한다는 것은 인간에게 주어진 최고의 특권, 무한한 특권이지만, 그러나 이것은 또한 인간에 대한 영원성의 요구이다”-쇠렌 키르케고르죽을 수밖에 없는 인간의 운명, 그것을 넘어서는 것을 원하지만 그럴 수 없음을 인지하게 된다. 사람이라면 누구나 영원성을 바랄 것이다. 행복한 감정을 느끼고 있다면 그 행복이 영원하기를 바랄 것이다. 하지만 영원이라는 것은 또한 지속될 수 없음을 알게 될 것이다. 우리는 인생을 살아가면서 겪었던 모든 일들을 기억하고 있는 것인가……. 기억들은 처음엔 뚜렷할지 모르나 시간이 흐름과 동시에 다른 기억들로 채워지며 아무리 뚜렷했던 기억들도 흐릿해지며 오묘해진다.  비눗방울은 찰나적 순간의 인생을 내포하고 있으며 죽음의 불가항력과 덧없음을 상징하며, 시간의 흐름에 축적된 기억의 단상을 표상(表象)하고 있다. 비눗방울의 겉 표면에 나타나는 오묘한 빛의 뒤섞임, 이미지의 왜곡된 형상들은 심리적 기억 이미지를 표현하고자 한 것이다. 찰나의 시간성을 내포하고 있는 비눗방울은 그 겉에 표현된 형상과 함께 시․공간 사이의 흐름 속에 존재하는 내적심리 변화와 외적 반응으로 인한 변화가 표현된 상징적 매개체라 할 수 있다. 이런 은유적 표현으로 기억의 형상을 되살리며 과거의 감정들은 그 안에서 오묘한 풍경들을 만들어낸다. 이러한 행위는 현재에 위치하고 있는 공간에서 이전에 경험하였지만 유실되어버린 개인적인 과거를 다시금 살려내고자 하는 시도이며, 캔버스 위에 표현함으로서 영원성을 부여하고자 한다.","
                                
                                    무료
                                
                                
                            "
11,"지금, 바로 여기","
한재혁,
                                    
                                
                                    
                                        이예지,
                                    
                                
                                    
                                        이선정,
                                    
                                
                                    
                                        이지환,
                                    
                                
                                    
                                        김빛나
",서울특별시 종로구 인사동10길 22 (경운동) ,"
                                2020-04-01 ~ 2020-04-13
                            ","
                                10:30 ~ 18:30
                                
                                    
                                    - 월~토 10:30~18:30,- 일 12:00~18:30 
","
                                10:30 ~ 18:30
                                
                                    
                                    - 월~토 10:30~18:30,- 일 12:00~18:30 
","
                                10:30 ~ 18:30
                                
                                    
                                    - 월~토 10:30~18:30,- 일 12:00~18:30 
","갤러리그림손에서 4월 1일부터 4월 13일까지 <지금, 바로 여기>라는 타이틀 아래 신진작가 공모전이 진행됩니다. 2009년부터 시작된 이 전시는 연령, 성별, 지역, 장르를 구별하지 않고 미술 대학 졸업생들이 창작활동에 매진하고 독창성을 지키는데 도움이 되고자 신진작가 단체전을 매년 진행해왔다. 그리고 이번 전시에서는 김빛나 이선정 이예지 이지환 한재혁 작가의 유화, 동양화, 사진, 설치 작품이 전시 될 예정이다. 5명의 작가들은 각기 다른 예술관과 시각을 가지고 현대 사회와 자신의 자아를 반영하는 작업을 선보인다.","
                                
                                    무료
                                
                                
                            "
12,YAKSAN CONTEMPORARY ART SHOW,"
유영선,
                                    
                                
                                    
                                        김영옥,
                                    
                                
                                    
                                        김미아
                                    
                                
                                 외 다수
                            ",서울특별시 서초구 남부순환로 2406 (서초동) 예술의전당 한가람미술관,"
                                2020-04-03 ~ 2020-04-12
                            ","
                                10:00 ~ 19:00
                                
                                    
                                    (입장마감 18:00)*매주 월요일 휴관
                                
                            ","
                                10:00 ~ 19:00
                                
                                    
                                    (입장마감 18:00)*매주 월요일 휴관
                                
                            ","
                                10:00 ~ 19:00
                                
                                    
                                    (입장마감 18:00)*매주 월요일 휴관
                                
                            ","< 약산 컨템퍼러리 아트 쇼 전시 개요 >김미아. 김영옥, 남주연, 민유경, 박태화, 유영선 오는 2020년 4월 2일부터 12일까지 예술의 전당 디자인미술관 제3전시실에서는 약산 아티스트 그룹전 <약산 컨템포러리 아트 쇼(YAKSAN Contemporary Art Show)가 진행된다. 홍익대학교 미술대학원 회화과 졸업생 6명으로 구성된 약산 아티스트 그룹은 2018년부터 결성되어 각자 활발히 작품 및 전시활동을 진행하고 있다. 2018년 창립전을 시작으로 하여 작년 2019년에는 홍콩 어포더블 아트 페어 참가와 T2 갤러리 그룹전 등 활발한 전시활동을 펼쳐나가고 있다. 또한, 미술계의 각 영역에서 활발하게 활동하는 작가들로 구성되어 다채로운 작품들을 선보인다. 이번 전시에서는 그동안 열심히 작업한 신작을 중심으로 하여 개인별 5점씩 총 30여점의 작품을 전시하게 될 예정이다. 코로나 확산으로 인하여 전국이 어려운 시기에 개최되는 전시이지만, 작품을 통해 관람객들에게 많은 위로와 감동을 선사하고, 나아가 치유의 계기가 되길 간절히 희망한다. 동시대를 살아가고 있는 작가들로서 각각 개성 넘치는 현대미술 작품을 통해 새로운 미술활동의 장을 펼쳐나가고자 한다. 앞으로도 약산 아티스트 그룹의 국내외의 멋진 행보에 많은 관심과 주목해주시기를 바란다. ","
                                
                                    무료
                                
                                
                            "
13,"경계의 예술, 타투","
타투이스트 조울,
                                    
                                
                                    
                                        타투이스트 깉비,
                                    
                                
                                    
                                        타투이스트 실로,
                                    
                                
                                    
                                        타투이스트 쿠바
",서울특별시 종로구 인사동길 7 (인사동) 코트(KOTE),"
                                2019-11-08 ~ 2020-04-08
                            ","
                                11:00 ~ 20:00
                                
                                    
                                    공휴일 정상개관 (1/25 설날 당일 휴관)
                                
                            ","
                                11:00 ~ 20:00
                                
                                    
                                    공휴일 정상개관 (1/25 설날 당일 휴관)
                                
                            ","
                                11:00 ~ 20:00
                                
                                    
                                    공휴일 정상개관 (1/25 설날 당일 휴관)
                                
                            ","소수의 음지 문화로 여겨졌던 '타투문화'의 새 발걸음타투 아티스트가 아티스트로 인정받을 수 있도록 활발히 여러 가지 굿즈 및 미디어를 제작해온 TATTIST가 전시를 개최한다. 이번 전시는 타투 문화 특유의 자유로움, 다양성을 극대화하여 상상할 수 있는 이미지를 실험한다. 스튜디오형, 체험형 전시라는 카테고리로 구성하여 오늘날의 타투이스트들을 예술가로서 조명하며 예술가와 관객들 간의 소통의 장을 만들고, 타투를 예술로서 편견 없이 바라볼 수 있는 시선을 제시한다. 경계에 놓은 타투가 아닌 신체를 예술 영역의 차원으로 끌어올린 현대 미술의 한 장르로서 연결고리를 찾아보는 건 어떨까?","
                                
                                    12,000원
                                
                                
                                    
                                        일반 12,000원청소년, 대학생 9,000원어린이 6,000원

"
14,가능한 최선의 세계,"
박광수,
                                    
                                
                                    
                                        김희천,
                                    
                                
                                    
                                        권아람
                                    
                                
                                 외 다수
                            ",서울특별시 강남구 언주로133길 11 (논현동) 플랫폼엘,"
                                2019-12-10 ~ 2020-04-05
                            ","
                                11:00 ~ 20:00
                                
                                    
                                    매주 월요일 휴관
                                
                            ","
                                11:00 ~ 20:00
                                
                                    
                                    매주 월요일 휴관
                                
                            ","
                                11:00 ~ 20:00
                                
                                    
                                    매주 월요일 휴관
                                
                            ","<가능한 최선의 세계>는 소설가 정지돈과 국내 젊은 작가 10인의 단체전으로, 시각예술과 문학 작품을 한 자리에서 만날 수 있습니다. '가능한 최선의 세계'는 소설가가 만들어낸 미래의 세계로 , 예측 가능한 블루 프린트와 규칙과 일관성이 없는 레드 프린트 세계로 나누어 집니다. 관객은 색안경을 끼고 스스로 읽고 발견하고 수집하여 '가능한 최선의 세계'를 만나게 됩니다.","
                                
                                    8,000원
                                
                                
                                    
                                        청소년 6,400원
                                    
"
15,"인간, 물질 그리고 변형-핀란드 디자인 10 000년","
                                
                                다수
                            ",서울특별시 용산구 서빙고로 137 (용산동6가) 국립중앙박물관,"
                                2019-12-21 ~ 2020-04-05
                            ","
                                10:00 ~ 18:00
                                
                                    
                                    월, 화, 목, 금요일 : 10:00 ~ 18:00수, 토요일 : 10:00 ~ 21:00일요일, 공휴일 : 10:00 ~ 19:00*휴관일: 1월1일, 설날(2. 5)
                                
                            ","
                                10:00 ~ 18:00
                                
                                    
                                    월, 화, 목, 금요일 : 10:00 ~ 18:00수, 토요일 : 10:00 ~ 21:00일요일, 공휴일 : 10:00 ~ 19:00*휴관일: 1월1일, 설날(2. 5)
                                
                            ","
                                10:00 ~ 18:00
                                
                                    
                                    월, 화, 목, 금요일 : 10:00 ~ 18:00수, 토요일 : 10:00 ~ 21:00일요일, 공휴일 : 10:00 ~ 19:00*휴관일: 1월1일, 설날(2. 5)
                                
                            ","인간, 물질 그리고 변형-핀란드 디자인 10 000년( Man, Matter, Metamorphosis-10 000 Years of Design)우리는 '과거-현재-미래'처럼 단선적으로 생각하는 것에 익숙합니다.만약 이러한 단순한 사고에서 벗어나, 새로운 관점에서 세계를 바라보면 어떠할까요?국립중앙박물관과 핀란드국립박물관이 함께 마련한 이번 특별전은 지난 10 000년 동안 핀란드 지역에서 변화무쌍하게 발전한 물질과 문화, 기술을 새로운 관점에서 소개하는 전시입니다. 이번 전시는 과거-현재-미래라는 연대기를 따르지 않습니다. 시대 구분에 따른 분류학 체계도 따르지 않으며, 전통적인 방식으로 사물을 분류하지도 않습니다. 빙하기 이후, 10 000년의 시간 동안 핀란드 지역에서 살아간 사람들, 이들이 활용했던 수많은 사물들을 전혀 다르게 분류하여 살펴봅니다. 그리고 사회와 생태계 간의 대화 속에서 탄생한 핀란드의 물질문화와 디자인의 가치에 관해 도전적으로 탐구해 보고자 합니다. 먼 과거의 것이 어떻게 오늘날의 것과 이토록 비슷한지, 과거가 미래에 어떻게 지속적으로 영향을 주는지, 또 지역적으로 멀리 떨어진 한국과 핀란드 두 나라의 물질문화가 얼마나 비슷하면서도 다른지 새로운 관점을 경험하는 흥미로운 시간이 될 것입니다.- 전시품: 고고, 민속, 현대산업디자인, 사진, 영상 등 다양한 범주의 핀란드 문화유산 140여 건- 대여기관: 핀란드국립박물관, 핀란드문화재청, 헬싱키디자인박물관, 알바알토박물관 등- 전시 설명 안내 * 큐레이터와의 대화: 매주 수요일 18:00-18:30      http://www.museum.go.kr/site/main/show/list/type1/curator * 도슨트 전시 해설:  평일  3회 오전 10:30, 11:30, 오후 3:00  / 주말 2회 오전 10:30, 11:30  / 공휴일 1회 오전 11:30","
                                
                                    3,000원
                                
                                
                                    
                                        성인(만25~64세) : 3,000원어린이 및 청소년(만7세~24세) : 2,000원미취학 아동(만7세미만) 및 만 65세 이상 : 무료
                                    
"
16,칼더 온 페이퍼 : 공간을 그리다. 알렉산더 칼더,"
알렉산더 칼더
",서울특별시 강남구 선릉로 807 (신사동) ,"
                                2019-12-13 ~ 2020-04-03
                            ","
                                10:00 ~ 19:00
                                
                                    
                                    입장마감 : 오후 6시월요일 휴관
                                
                            ","
                                10:00 ~ 19:00
                                
                                    
                                    입장마감 : 오후 6시월요일 휴관
                                
                            ","
                                10:00 ~ 19:00
                                
                                    
                                    입장마감 : 오후 6시월요일 휴관
                                
                            "," ‘모빌의 창시자’이자 세계적 거장인 알렉산더 칼더의 아시아 최대 규모 회고전 展(이하 칼더 展)이 총 4개월간 K현대미술관에서 개최된다. 칼더 展은 런던의 싸치갤러리(Saatchi Gallery)에서 시작된 순회전으로, 150여 점의 원작이 공개된다. 또한 모빌 작품의 모태가 되는 회화작품을 엄선하여 관람자들은 그동안 모빌의 거장으로만 잘 알려져 왔던 알렉산더 칼더에 대한 다양한 시각을 얻을 수 있을 것이다.","
                                
                                    15,000원
                                
                                
                                    
                                        청소년 : 12,000초등학생 : 10,000미취학아동 : 8,000
                                    
"
17,환상의 에셔展,"
에셔(M.C.Escher)
",서울특별시 서초구 잠원로 145-35 (잠원동) 서울웨이브 아트센터,"
                                2020-01-10 ~ 2020-03-31
                            ","
                                11:00 ~ 20:00
                                
                            ","
                                11:00 ~ 20:00
                                
                            ","
                                11:00 ~ 20:00
                                
                            ","'또 다른 세상을 향한 매력적인 시선', 에셔의 세계로 초대합니다.전시 <EXIT:에셔의 방>은 2020년 1월 10일부터 4월 30일까지 20세기를 대표하는 혁신적인 셰술가 에셔(Maurits Cornelis Escher)의 작품들을 소개합니다. 본 전시는 에셔의 그래픽 디자인, 판화 에디션, 아카이브 영상과 더불어 VR 작품과 특별 제작된 대형 설치 및 오브제를 함께 선보입니다.미술에 수학과 과학을 접목한 에셔의 '기하학적 구조'와 '환영의 공간'을 선상 위의 차별화된 전시 공간에서 재창조하여 예술가의 이성적인 논리와 날카로운 통찰력을 엿볼 수 있는, 지적인 충만감을 선사하는 체험전입니다.","
                                
                                    12,000원
                                
                                
                                    
                                        일반 12,000원청소년 9,000원어린이 7,000원
                                    
"
18,BREATHE 숨,"
최윤아
",서울특별시 종로구 윤보선길 28 (안국동) ,"
                                2020-03-24 ~ 2020-03-30
                            ","
                                11:30 ~ 18:00
                                
                            ","
                                11:30 ~ 18:00
                                
                            ","
                                11:30 ~ 18:00
                                
                            ",none,"
                                
                                    무료
                                
                                
                            "
19,34회 강정희전 하늘빛 좋은날~매화 향기~,"
강정희
",서울특별시 송파구 올림픽로43길 88 (풍납동) 1층,"
                                2020-03-20 ~ 2020-03-27
                            ","
                                09:00 ~ 17:00
                                
                                    
                                    *자세한 관람시간은 병원측에 문의
                                
                            ","
                                09:00 ~ 17:00
                                
                                    
                                    *자세한 관람시간은 병원측에 문의
                                
                            ","
                                09:00 ~ 17:00
                                
                                    
                                    *자세한 관람시간은 병원측에 문의
                                
                            ",none,"
                                
                                    무료
                                
                                
                            "
20,명윤아展 <경계의 혼합-혼재된 풍경>,"
명윤아
",서울특별시 서초구 서초대로55길 9 (서초동) 나우리 빌딩 L1,"
                                2020-03-03 ~ 2020-03-23
                            ","
                                10:00 ~ 18:00
                                
                            ","
                                10:00 ~ 18:00
                                
                            ","
                                10:00 ~ 18:00
                                
                            ",none,"
                                
                                    무료
                                
                                
                            "
21,뮤지엄 오브 컬러,"
예너 토룬,
                                    
                                
                                    
                                        아트놈,
                                    
                                
                                    
                                        린 더글라스,
                                    
                                
                                    
                                        BRAND 창작과비평,
                                    
                                
                                    
                                        BRAND 팬톤,
                                    
                                
                                    
                                        윤새롬,
                                    
                                
                                    
                                        크리스티나 마키바
",서울특별시 성동구 연무장15길 11 (성수동2가) 에스팩토리 A동,"
                                2019-11-29 ~ 2020-03-15
                            ","
                                10:00 ~ 19:00
                                
                                    
                                    (매표 18:00 마감)매주 월요일 휴관
                                
                            ","
                                10:00 ~ 19:00
                                
                                    
                                    (매표 18:00 마감)매주 월요일 휴관
                                
                            ","
                                10:00 ~ 19:00
                                
                                    
                                    (매표 18:00 마감)매주 월요일 휴관
                                
                            ","<뮤지엄 오브 컬러>는 컬러를 주제로 한 팝업 뮤지엄입니다.단 100일간 문을 여는 이 특별한 전시에서, 컬러는 공간 그 자체이자아름다운 작품으로서 재해석됩니다. 하늘, 바다, 숲과 같은 자연에서부터궁전, 빌딩과 같은 인공적인 건축물까지.<뮤지엄 오브 컬러>는 방에서 방을, 컬러와 컬러 사이를 오갈 때마다다채롭게 변화하는 새로운 세상입니다.이 비현실적이고 아름다운 공간에서 여러분은가상의 나라를 탐험하는 여행자가 될 것입니다.","
                                
                                    15,000원
                                
                                
                                    
                                        일반 15,000원청소년 12,000원어린이 8,000원

"
22,이인 삼각전: 박성실 박종하 전,"
박종하
                                    
                                
                                 외 1 명
                            ",서울특별시 마포구 와우산로 99 (서교동) ,"
                                2020-02-13 ~ 2020-03-14
                            ","
                                00:00 ~ 00:00
                                
                                    
                                    관람 시간 문의 : 02-322-9961
                                
                            ","
                                00:00 ~ 00:00
                                
                                    
                                    관람 시간 문의 : 02-322-9961
                                
                            ","
                                00:00 ~ 00:00
                                
                                    
                                    관람 시간 문의 : 02-322-9961
                                
                            ",none,"
                                
                                    무료
                                
                                
                            "
23,장은하 기획초대개인전,"
장은하
",서울특별시 종로구 새문안로 42 (신문로2가) 피어낸셜빌딩 1층 ,"
                                2020-02-16 ~ 2020-03-14
                            ","
                                10:00 ~ 20:00
                                
                            ","
                                10:00 ~ 20:00
                                
                            ","
                                10:00 ~ 20:00
                                
                            ",none,"
                                
                                    무료
                                
                                
                            "
24,형태가 될 수 없는 형태 | 김홍주,"
김홍주
",서울특별시 서초구 나루터로 65 (잠원동) ,"
                                2020-02-22 ~ 2020-03-14
                            ","
                                00:00 ~ 00:00
                                
                            ","
                                00:00 ~ 00:00
                                
                            ","
                                00:00 ~ 00:00
                                
                            ",인스타그램을 통한 예약 관람제 @thegreatcommission2820 ,"
                                
                                    무료
                                
                                
                            "
25,Workshop  Ⅱ,"
홍영하
                                    
                                
                                 외 다수
                            ",서울특별시 서초구 효령로72길 60 (서초동) ,"
                                2020-03-03 ~ 2020-03-08
                            ","
                                10:00 ~ 18:00
                                
                            ","
                                10:00 ~ 18:00
                                
                            ","
                                10:00 ~ 18:00
                                
                            ",none,"
                                
                                    무료
                                
                                
                            "
26,올해의 작가상 2019,"
김아영,
                                    
                                
                                    
                                        이주요,
                                    
                                
                                    
                                        박혜수,
                                    
                                
                                    
                                        홍영인
",서울특별시 종로구 삼청로 30 (소격동) 국립현대미술관 서울관,"
                                2019-10-12 ~ 2020-03-01
                            ","
                                10:00 ~ 18:00
                                
                                    
                                    수, 토요일 : 오전 10시 ~ 오후 9시(야간개장 오후 6시~ 9시 무료관람)
                                
                            ","
                                10:00 ~ 18:00
                                
                                    
                                    수, 토요일 : 오전 10시 ~ 오후 9시(야간개장 오후 6시~ 9시 무료관람)
                                
                            ","
                                10:00 ~ 18:00
                                
                                    
                                    수, 토요일 : 오전 10시 ~ 오후 9시(야간개장 오후 6시~ 9시 무료관람)
                                
                            ","《올해의 작가상》은 한국 현대미술의 가능성과 창의적 역량을 보여주는 작가들을 선정하고 이들을 후원하기 위한 대한민국의 대표적인 미술시상 제도이자 전시이다. 2012년부터 오늘에 이르기까지 《올해의 작가상》은 현대미술의 새로운 흐름과 담론을 만들어 내는 역할을 수행함으로써 한국 현대미술의 비전을 제시해 왔다.다양한 매체와 폭 넓은 주제의 작품들로 활발한 활동을 보여온 작가들은 모두 각기 다른 주제와 관점을 통해 사회적, 미학적 문제들에 접근한다. 이번 전시는 한국 미술계의 한 축을 담당하고 있는 작가들의 작품들을 통해 유동적이고 다변화되는 현대미술의 지향점을 들여다보게 하고, 미술의 언어로 그려지는 동시대의 모습을 마주하게 할 것이다","
                                
                                    4,000원
                                
                                
                                    
                                        무료관람일 : 매월 마지막 수요일 문화가 있는 날
                                    
"
27,알폰스 무하 Alphonse Mucha,"
알폰스 무하
",서울특별시 강남구 테헤란로 518 (대치동) 섬유센터빌딩 B1층,"
                                2019-10-24 ~ 2020-03-01
                            ","
                                10:00 ~ 20:00
                                
                                    
                                    입장마감 19:00월요일 휴관
                                
                            ","
                                10:00 ~ 20:00
                                
                                    
                                    입장마감 19:00월요일 휴관
                                
                            ","
                                10:00 ~ 20:00
                                
                                    
                                    입장마감 19:00월요일 휴관
                                
                            ","마이아트뮤지엄 개관특별전으로 알폰스 무하의 파리 아르누보 장식예술가로부터 체코의 국민화가로서 생의 마지막까지 총망라한 <알폰스 무하>전을 2019년 10월 24일부터 2020년 3월 1일까지 개최합니다. 알폰스 무하의 판화, 유화, 드로잉 등 오리지널 230여 점을 작가의 삶의 여정에 따른 작품 변화에 따라 총 5부로 나누어 소개합니다.","
                                
                                    15,000원
                                
                                
                                    
                                        청소년 : 12,000원어린이 : 10,000원
                                    
"
28,파랑새展,"
전다래,
                                    
                                
                                    
                                        김경화,
                                    
                                
                                    
                                        정수지,
                                    
                                
                                    
                                        메아리,
                                    
                                
                                    
                                        김원진,
                                    
                                
                                    
                                        신나라
",서울특별시 성동구 아차산로 33 (성수동1가) 성수동1가 656-281,"
                                2019-11-01 ~ 2020-03-01
                            ","
                                11:00 ~ 19:00
                                
                                    
                                    입장마감 : 18:00
                                
                            ","
                                11:00 ~ 19:00
                                
                                    
                                    입장마감 : 18:00
                                
                            ","
                                11:00 ~ 19:00
                                
                                    
                                    입장마감 : 18:00
                                
                            ",전시 <파랑새>는 1908년 벨기에의 극작가인 모리스 마테를링크가 쓴 희곡 '파랑새'를 다양한 작가들의 시선으로 재해석하여 파랑새의 신비한 나라를 경험하고 진정한 행복의 의미를 발견하는 전시입니다.,"
                                
                                    15,000원
                                
                                
                                    
                                        청소년 : 12,000원어린이 : 10,000원
                                    
"
29,가야본성-칼과 현,"
                                
                                다수
                            ",서울특별시 용산구 서빙고로 137 (용산동6가) 국립중앙박물관,"
                                2019-12-03 ~ 2020-03-01
                            ","
                                10:00 ~ 18:00
                                
                                    
                                    -월, 화, 목, 금요일 : 10:00 ~ 18:00-수, 토요일 : 10:00 ~ 21:00- 일요일, 공휴일 : 10:00 ~ 19:00*휴관일: 1월1일, 설날(1.25.), 추석(10.1.)- 전시해설 : 평일 오전 10시 30분 , 11시 30분 오후 2시 30분 , 3시 30분(12. 3.(화) ~ 12. 8.(일)은 3일과 5일 3시 30분만 가능하고, 12월 9일부터는 모두 가능합니다.)- 큐레이터와의 대화 : 매주 수요일 오후 7시 ( ※ 공휴일 제외)
                                
                            ","
                                10:00 ~ 18:00
                                
                                    
                                    -월, 화, 목, 금요일 : 10:00 ~ 18:00-수, 토요일 : 10:00 ~ 21:00- 일요일, 공휴일 : 10:00 ~ 19:00*휴관일: 1월1일, 설날(1.25.), 추석(10.1.)- 전시해설 : 평일 오전 10시 30분 , 11시 30분 오후 2시 30분 , 3시 30분(12. 3.(화) ~ 12. 8.(일)은 3일과 5일 3시 30분만 가능하고, 12월 9일부터는 모두 가능합니다.)- 큐레이터와의 대화 : 매주 수요일 오후 7시 ( ※ 공휴일 제외)
                                
                            ","
                                10:00 ~ 18:00
                                
                                    
                                    -월, 화, 목, 금요일 : 10:00 ~ 18:00-수, 토요일 : 10:00 ~ 21:00- 일요일, 공휴일 : 10:00 ~ 19:00*휴관일: 1월1일, 설날(1.25.), 추석(10.1.)- 전시해설 : 평일 오전 10시 30분 , 11시 30분 오후 2시 30분 , 3시 30분(12. 3.(화) ~ 12. 8.(일)은 3일과 5일 3시 30분만 가능하고, 12월 9일부터는 모두 가능합니다.)- 큐레이터와의 대화 : 매주 수요일 오후 7시 ( ※ 공휴일 제외)
                                
                            ","가야의 존재방식은 공존입니다 .  여러 가야가 함께 어우러져 살았습니다 .  여러 나라가 각축을 하던 삼국시대는 바야흐로 통합을 원했습니다 .  공존의 왕국 가야는 통합을 추구한 나라들에 굴하지 않았습니다 .  가야는 철로 칼과 갑옷을 만들어 강력한 군대를 이끌고 ,  가야금으로 완벽한 하모니를 만들어 사람들을 사로잡았습니다 .  칼과 현은 가야의 본성입니다 .  우리는 가야를 하나로 통합하지 못한 작은 나라로 기억하지만 ,  사실은 다양성이 공존한 평화의 모습을 잊었을 뿐입니다 .이제 가야가 탄생하고 사라진 기억을 다시 되돌려보고자 합니다.1 부   ‘ 공존 ’ 에서는   520 여 년간 가야가 추구했던 공존의 흔적을 찾아봅니다 .   공존은 서로 자율성을 존중하고 협력하며 살아가는 존재방식입니다 .   가야의 여러 나라는 제각기 자율적인 대외관계를 유지하였고 ,   다양하고 개성있는 양식의 토기를 생산하였습니다 .   가야 사람은 남방과 북방 등 여러 곳에서 온 사람들이 모여 살았으며 ,   다양한 문화를 누렸습니다 .2 부   ‘ 화합 ’ 에서는 가야가 공존을 지속할 수 있었던 원동력을 살펴봅니다 .   가야의 여러 나라는 중앙집권화한 통합국가인 삼국에 맞서기 위해 서로 뭉쳤습니다 . 5 세기 후반 가라국은 낙동강과 섬진강의 여러 세력을 규합하고 ,   남제에 사신을 파견하여 국제적 위상을 새롭게 정립했습니다 .   가라국이 규합한 지역에서는 장식대도와 제사토기를 공유하였습니다 .3 부   ‘ 힘 ’ 에서는 철의 나라 가야의 모습을 조명합니다 .   공존은 힘을 갖추었을 때 유지할 수 있습니다 .   가야의 힘은 철을 다루던 기술에서 나왔습니다 .   가야가 생산한 철갑옷은 삼국에 뒤지지 않는 뛰어난 제철기술과 이를 기반으로 한 군사력이 있었음을 말해줍니다 .   국보 제 275 호 말탄 무사모양뿔잔은 가야가 철로 무장한 중장기병의 전술을 매우 중요하게 여겼음을 말하고 있습니다 .4 부   ‘ 번영 ’ 에서는   4 세기 전반 이전 동북아시아의 국제시장으로 번영을 누린 가락국이 왜 강자의 패권으로 가야를 통합하지 않았는지를 살펴봅니다 .   철과 여러 나라의 특산품이 모이는 당대 최고의 국제시장으로 번영을 누린 가락국의 모습은 최고 지배자의 무덤에 타임캡슐처럼 남아있습니다 .   가락국은 물질적 번영을 누렸을 뿐만 아니라 힘 ( 무력 ,   이념 ,   경제력 ) 을 갖춘 지배자가 있었지만   4 세기 후반 이후에는 점차 쇠약해졌습니다 .","
                                
                                    5,000원
                                
                                
                                    
                                        1.  가야본성-칼과 현성인 : 5,000원청소년 및 어린이 : 3,000원2.  가야본성 + 핀란드 디자인   10 000 년\성인 : 7,200원청소년 및 어린이 : 4,500원
                                    
"
30,2020 CRE8TIVE REPORT,"
임지민,
                                    
                                
                                    
                                        정진,
                                    
                                
                                    
                                        김수연,
                                    
                                
                                    
                                        김선영
                                    
                                
                                 외 5 명
                            ",서울특별시 종로구 우정국로 45-14 (수송동) OCI 미술관,"
                                2020-01-09 ~ 2020-02-29
                            ","
                                10:00 ~ 18:00
                                
                                    
                                    화~토요일 10:00~18:00수요일 10:00~21:00 일요일, 월요일 휴관
                                
                            ","
                                10:00 ~ 18:00
                                
                                    
                                    화~토요일 10:00~18:00수요일 10:00~21:00 일요일, 월요일 휴관
                                
                            ","
                                10:00 ~ 18:00
                                
                                    
                                    화~토요일 10:00~18:00수요일 10:00~21:00 일요일, 월요일 휴관
                                
                            ","2020년 경자년을 맞이하여, 그 시작을 알리는 OCI미술관의 창작스튜디오 보고전《2020 CRE8TIVE REPORT》가 2020년 1월 9일부터 2월 29일까지 개최합니다.​인천시 미추홀구에 위치한 OCI미술관 창작스튜디오에서 1년 동안 성과를 이룬작가 8인 김선영, 김수연, 김천수, 염지희, 임지민, 정재원, 정진, 정철규와2014년부터 대만 타이페이국립예술대학 소재의 관도미술관과 협약을 맺고 꾸준히 R1211 레지던시 국제교류 프로그램을 통해 2019년 서울시 종로구 수송동 소재의 R1211에 입주한 Shiu Shenghung( 許聖泓) 작가의 ‘한국의 빛을 담은’ 신작을 만나 보실 수 있습니다.OCI미술관 창작스튜디오 9기 입주 작가 보고전 《2020 CRE8TIVE REPORT》아티스트 토크의 사전 신청을 받습니다.작가들과 함께 그간의 작업과 실험 활동들에 대한 내용들을 자유롭게 나눌 수 있는 자리입니다. 평상시 궁금했던 점이나, 작가에게 전달하고 싶었던 말랑말랑한 이야기들 또한 모두 환영합니다! 준비된 다과와 함께 편안한 대화를 즐기시기 바랍니다.참석하시는 모든 분들에게는 전시 도록을 무료로 증정해 드리오니많은 관심과 참여를 부탁드리겠습니다.감사합니다.※ 1, 2탄으로 나누어 진행되오니, 참여 작가 및 일정을 확인하시기 바랍니다.※ SNS 홍보 및 아카이브용 자료 수집을 위한 사진, 영상 촬영이 있습니다.——————————————————–일 시 : 1탄 - 2020년 1월 29일 (수) 오후 7시참여작가 - 김선영, 김천수, 정재원, 정진2탄 - 2020년 2월 15일 (토) 오후 3시참여작가 - 김수연, 염지희, 임지민, 정철규*당일 토크 시작에 앞서, 작가 염지희와 작곡가 엄기환의 협업 결과물을 퍼포먼스 공연으로 만나보실 수 있습니다.대 상 : 문화예술에 관심있는 누구나장 소 : OCI미술관 (서울시 종로구 우정국로 45-14)진 행 : 김영기 선임 큐레이터참가비 : 무료문 의 : 02-734-0440———————————————————-▼1탄 사전신청 하러 가기▼https://forms.gle/G2mwoXfGGz8KRA4L6▼2탄 사전신청 하러 가기▼https://forms.gle/vZzYL3dLmWKbHL8P6","
                                
                                    무료
                                
                                
                            "
31,2020 OCI미술관 창작스튜디오 입주작가 보고전 《2020 CRE8TIVE REPORT》 ARTIST TALK #2,"
정철규,
                                    
                                
                                    
                                        임지민,
                                    
                                
                                    
                                        염지희,
                                    
                                
                                    
                                        김수연
",서울특별시 종로구 우정국로 45-14 (수송동) OCI 미술관,"
                                2020-01-09 ~ 2020-02-29
                            ","
                                10:00 ~ 18:00
                                
                                    
                                    10:00 ~ 18:00 화~토요일10:00~18:00 수요일10:00~21:00 일요일, 월요일 휴관
                                
                            ","
                                10:00 ~ 18:00
                                
                                    
                                    10:00 ~ 18:00 화~토요일10:00~18:00 수요일10:00~21:00 일요일, 월요일 휴관
                                
                            ","
                                10:00 ~ 18:00
                                
                                    
                                    10:00 ~ 18:00 화~토요일10:00~18:00 수요일10:00~21:00 일요일, 월요일 휴관
                                
                            ","OCI미술관 창작스튜디오 9기 입주 작가 보고전 《2020 CRE8TIVE REPORT》아티스트 토크 2부의 사전 신청을 받습니다.아티스트 토크는 작업에 대한 내용은 물론이며, 평소 작가에게 궁금했던 점들을 자유롭게 나눌 수 있는 자리로 마련될 예정입니다.또한, 당일 토크 시작에 앞서 작가 염지희와 작곡가 엄기환의 협업 결과물을 퍼포먼스 공연으로 만나보실 수 있습니다.준비된 다과와 함께 편안한 대화를 즐기시기 바랍니다.참석하시는 모든 분들에게는 전시 도록을 무료로 증정해 드리오니많은 관심과 참여를 부탁드리겠습니다.감사합니다.※ SNS 홍보 및 아카이브용 자료 수집을 위한 사진, 영상 촬영이 있습니다.——————————————————–일 시 : 2020년 2월 15일 (토) 오후 3시대 상 : 문화예술에 관심있는 누구나장 소 : OCI미술관 (서울시 종로구 우정국로 45-14)진 행 : 김영기 선임 큐레이터참여작가 : 김수연, 염지희, 임지민, 정철규참가비 : 무료문 의 : 02-734-0440———————————————————-▼2탄 사전신청 하러 가기▼https://forms.gle/vZzYL3dLmWKbHL8P6","
                                
                                    무료
                                
                                
                            "
32,BEGINNING,"
정혜련
",서울특별시 중구 을지로5길 16 (을지로2가) 지하 1층,"
                                2020-02-10 ~ 2020-02-28
                            ","
                                11:00 ~ 18:00
                                
                                    
                                    *휴관일 : 매주 토요일, 일요일
                                
                            ","
                                11:00 ~ 18:00
                                
                                    
                                    *휴관일 : 매주 토요일, 일요일
                                
                            ","
                                11:00 ~ 18:00
                                
                                    
                                    *휴관일 : 매주 토요일, 일요일
                                
                            ","'행복'이란 단어에서 오는 따뜻하고 포근한 느낌을 한지라는 전통적인 재료와 색감을 통해 나타내었습니다. 작품 속에서 '소소한 행복'을 상징하는 '토끼풀꽃'과 '강아지풀'을비롯하여 긍정의 기운들로 가득한 생물들이 곳곳에 살아 숨 쉬고 있습니다. 밝고 맑은 마음으로 생각해 온 순수하고 아름다운 세상, '행복한 세상'을 담아낸 작품을 감상하는 시간 동안 드는 좋은 생각과 마음을 선물 드리고 싶습니다. 걱정과 고민들로 가득한 현실에서 잠시나마 벗어나 꿈과 희망으로 가득 찬 밝은 마음을 가질 수 있는 시간이 되었으면 합니다.이번 전시에서는 첫 설치작업을 보여드리게 되었습니다. 무엇이든 '처음'이라는 것은 설레고 가슴 두근대는 일입니다. 평면작업에서 보이는 소재들을 입체적인 설치 작업으로 보여드리는 첫 전시를, 새 단장을 한 갤러리포인트의 첫 초대 전시에서 선보일 수 있게 되어 너무나 뜻깊습니다.좋은 기회를 만들어주신 갤러리포인트 대표님과 제 작품을 보러 와주신 여러분들께 감사드립니다.","
                                
                                    무료
                                
                                
                            "
33,범람하는 도시(The city deluge),"
김지영
",서울특별시 종로구 인사동길 52-1 (관훈동) ,"
                                2020-02-19 ~ 2020-02-25
                            ","
                                10:00 ~ 19:00
                                
                            ","
                                10:00 ~ 19:00
                                
                            ","
                                10:00 ~ 19:00
                                
                            ",none,"
                                
                                    무료
                                
                                
                            "
34,박용일 개인전 보(譜):보(補):보(寶),"
박용일
",서울특별시 강남구 테헤란로 528 (대치동) ,"
                                2020-02-05 ~ 2020-02-24
                            ","
                                10:00 ~ 19:00
                                
                                    
                                    월~토 운영
                                
                            ","
                                10:00 ~ 19:00
                                
                                    
                                    월~토 운영
                                
                            ","
                                10:00 ~ 19:00
                                
                                    
                                    월~토 운영
                                
                            ",이번 전의 제목은 보(譜):보(補):보(寶)이다.첫 번재 보는 족보보자로 작품의 제목인 He-story를 의미하고 두 번째 보는 기울보인데 그가 이번에 처음 선보이는 보따리 그림 위에 간간히 보이는 손바느질이 있는데 상처를 꿰매고 아픔을 치유하는 의미를 가지고 있다.그리고 마지막으로 보배보자인데 모든 사람이 각자의 히스토리에서 아픔과 상처를 치유하고 귀하게 대접 받는 세상이 되기를 바라는 마음을 담고 있다.,"
                                
                                    무료
                                
                                
                            "
35,2020 화랑미술제,"
최승윤,
                                    
                                
                                    
                                        윤예진,
                                    
                                
                                    
                                        최성환,
                                    
                                
                                    
                                        강지혜,
                                    
                                
                                    
                                        최현주,
                                    
                                
                                    
                                        전미선,
                                    
                                
                                    
                                        임은정
                                    
                                
                                 외 다수
                            ",서울특별시 강남구 영동대로 513 (삼성동) 코엑스,"
                                2020-02-19 ~ 2020-02-23
                            ","
                                11:00 ~ 19:30
                                
                                    
2. 20 (Thur) | 2:00pm – 7:30 pm2. 21 (Fri) – 2. 22 (Sat)  | 11 a.m – 7:30 p.m.2. 23 (Sun) | 11 a.m –  5 p.m.전시장 입장은 관람종료 30분 전까지 가능합니다.Last admission is 30 minutes prior to the closing time.
                                
                            ","
                                11:00 ~ 19:30
                                
                                    
2. 20 (Thur) | 2:00pm – 7:30 pm2. 21 (Fri) – 2. 22 (Sat)  | 11 a.m – 7:30 p.m.2. 23 (Sun) | 11 a.m –  5 p.m.전시장 입장은 관람종료 30분 전까지 가능합니다.Last admission is 30 minutes prior to the closing time.
                                
                            ","
                                11:00 ~ 19:30
                                
                                    
2. 20 (Thur) | 2:00pm – 7:30 pm2. 21 (Fri) – 2. 22 (Sat)  | 11 a.m – 7:30 p.m.2. 23 (Sun) | 11 a.m –  5 p.m.전시장 입장은 관람종료 30분 전까지 가능합니다.Last admission is 30 minutes prior to the closing time.
                                
                            ","옛 것을 익히고 새것을 안다는 온고지신(溫故知新)의 뜻처럼 새롭게 변화한 화랑미술제가 2020년 한국 아트페어의 첫 문을 엽니다. 올해로 38회를 맞이하는 2020 화랑미술제는 수십 년간의 전문적인 노하우와 축적된 경험을 자랑합니다.110개 국내 우수 화랑이 참가하여 회화, 조각, 설치, 미디어 등 3000여점의 다양한 작품을 전시하고, 더불어 네이버 그라폴리오와 협업한 신진작가 공모전 <ZOOM-IN>, 경기문화재단 특별전, 토크 프로그램 등 풍성한 컨텐츠를 선보입니다. 단순히 미술작품을 감상하고 작품을 구매하는 아트페어를 넘어, 삶을 풍요롭게 만들어주는 유기적인 문화의 장, 2020 화랑미술제에 여러분을 초대합니다!","
                                
                                    10,000원
                                
                                
                                    
                                        - 일반 | 10,000원- 학생할인 (초, 중, 고, 대학생) | 7,000원- 미술협회 회원 | 7,000원- 예술인 패스 소지자 | 7,000원
                                    
"
36,고권 개인전  <계절들>,"
고권
",서울특별시 용산구 한강대로40가길 14 (한강로2가) ,"
                                2020-02-05 ~ 2020-02-18
                            ","
                                10:00 ~ 19:00
                                
                                    
                                    일요일 휴무
                                
                            ","
                                10:00 ~ 19:00
                                
                                    
                                    일요일 휴무
                                
                            ","
                                10:00 ~ 19:00
                                
                                    
                                    일요일 휴무
                                
                            ","-변하는 것들 그려야 할 것들- 계절의 변화와 삶의 예측할 수 없음은 비슷하다. 그것을 아우르는 커다란 질서, 순리도 삶과 같다. 자연의 피조물들에 약동하는 생명력과 치열함 또한 우리 삶과 닮았다. 그리고 그것들 모두 유한한다. 삶의 희비도 언젠가 지나가기에 즐길 수 있고 인내할 수 있다.","
                                
                                    무료
                                
                                
                            "
37,Abstract Landscape,"
김영지
",서울특별시 종로구 자하문로10길 30 (통의동) ,"
                                2020-02-05 ~ 2020-02-16
                            ","
                                10:00 ~ 18:00
                                
                            ","
                                10:00 ~ 18:00
                                
                            ","
                                10:00 ~ 18:00
                                
                            ",none,"
                                
                                    무료
                                
                                
                            "
38,중첩된 시간,"
김주희
",서울특별시 성북구 성북로 49 (성북동) 운석빌딩 2층,"
                                2020-01-28 ~ 2020-02-16
                            ","
                                10:30 ~ 18:00
                                
                                    
                                    휴관일: 월요일, 공휴일 
                                
                            ","
                                10:30 ~ 18:00
                                
                                    
                                    휴관일: 월요일, 공휴일 
                                
                            ","
                                10:30 ~ 18:00
                                
                                    
                                    휴관일: 월요일, 공휴일 
                                
                            ","김주희의 신작 <중첩된 시간> 시리즈에 부쳐….. 생략작가의 이번 작품들은 형식적으로는 주변 환경의 이미지를 담거나 여행 중에 느껴진 생각들을 정리하면서 남게 된 일기와 같은 삶의 기록이라 할 수 있으며, 미학적으로는 유채의 맛을 새로운 시각에서 조율하고, 1960년대 이후에 개발된 새로운 형광 톤의 색상을 과감하게 도입하여 요즘시대의 찬란하고도 화려한 문명의 껍질들을 시각화하는 특이한 감성을 보여준다. 그것은 전통적인 무겁고 중후한 방식의 유화가 아니라, 가볍고도 경쾌한 감성을 베이스로 하는 문명 찬미적 메시지를 보여주는 것이기도 하고, 새로운 세계를 갈망하는 21세기의 신세대 유채화풍을 꿈꾸는 회화로 해석될 수 있다.2020년 1월박기웅 (미술학박사, 전홍익대교수)","
                                
                                    무료
                                
                                
                            "
39,To The Moon With Snoopy,"
찰스 먼로 슐츠
                                    
                                
                                 외 다수
                            ",서울특별시 송파구 올림픽로 300 (신천동) 롯데월드타워 7층 롯데뮤지엄,"
                                2019-10-14 ~ 2020-02-16
                            ","
                                10:30 ~ 19:00
                                
                            ","
                                10:30 ~ 19:00
                                
                            ","
                                10:30 ~ 19:00
                                
                            ","“ 한 인간에게는 작은 한 걸음이지만, 인류에게는 위대한 도약이다. ”    - 닐 암스트롱롯데뮤지엄은 반세기 전 달 착륙의 순간을 함께한 스누피를 매개체로, 인류의 원대한 꿈이 펼쳐지는 우주를 주제로 한 전시를 진행한다. 올해로 70세를 맞이하는 피너츠는 세상을 보는 또 하나의 눈으로서 시대를 대변하는 아이콘으로 자리 잡았다. 스누피라는 이름으로 더 잘 알려진 피너츠는 찰스 슐츠에 의해 탄생한 4컷 연재만화다. 찰리 브라운과 그의 반려견 스누피 등 어린아이들의 이야기로 시작된 피너츠는 1950년부터 2000년까지 50년간 가장 많은 신문매체에 연재되며 기네스북에 올랐다. 인기 절정의 두 주인공 찰리 브라운과 스누피는 1969년 아폴로 10호의 사령선과 달 착륙선의 이름이 되었고, 이 결과를 토대로 같은 해 출발한 아폴로 11호는 인간의 달 착륙을 실현했다. 롯데뮤지엄은 삶에 대한 철학적 사고를 바탕으로 탄생한 스누피를 재해석한 한국 예술가들의 시선을 통해 우주를 향한 인류의 꿈을 함께 공유하고자 한다.  ‘행복은 포근한 강아지’라는 찰스 슐츠의 말에서 알 수 있듯 피너츠 속에는 세상을 향한 따뜻한 희망이 담겨있다. 우주 한가운데서 찰리 브라운과 스누피의 이름이 불린 것은 거대한 우주 속의 한 사람으로서 우리가 추구해야 할 진정한 가치를 일깨운다. 현대미술과 패션으로 풀어낸 피너츠의 모습은 무한한 예술적 창조력을 바탕으로 우리 삶의 의미를 돌아보게 하는 따뜻한 감동의 순간을 제공할 것이다.","
                                
                                    15,000원
                                
                                
                                    
                                        성인 : 15,000원청소년 : 12,000원어린이 : 9.000원만 4세 미만 : 성인 동반 입장시 1인 무료
                                    
"
40,더 뮤즈 : 드가 to 가우디,"
장 프랑수아 밀레,
                                    
                                
                                    
                                        피에트 몬드리안,
                                    
                                
                                    
                                        알폰스 무하,
                                    
                                
                                    
                                        빈센트 반 고흐,
                                    
                                
                                    
                                        에드가 드가,
                                    
                                
                                    
                                        앙리 마티스,
                                    
                                
                                    
                                        안토니 가우디,
                                    
                                
                                    
                                        조르주 쇠라
","서울특별시 성동구 서울숲2길 32-14 (성수동1가, 갤러리아 포레) ","
                                2019-05-21 ~ 2020-02-16
                            ","
                                11:00 ~ 20:00
                                
                                    
                                    (오후 7시 매표, 입장 마감)*매주 금, 토 1시간 연장 운영 (오후 9시 관람 종료)*문화가 있는 날 1시간 연장 운영 (매월 마지막 수요일, 오후 9시 관람 종료)
                                
                            ","
                                11:00 ~ 20:00
                                
                                    
                                    (오후 7시 매표, 입장 마감)*매주 금, 토 1시간 연장 운영 (오후 9시 관람 종료)*문화가 있는 날 1시간 연장 운영 (매월 마지막 수요일, 오후 9시 관람 종료)
                                
                            ","
                                11:00 ~ 20:00
                                
                                    
                                    (오후 7시 매표, 입장 마감)*매주 금, 토 1시간 연장 운영 (오후 9시 관람 종료)*문화가 있는 날 1시간 연장 운영 (매월 마지막 수요일, 오후 9시 관람 종료)
                                
                            ","거장 중의 거장, 걸작 중의 걸작만 모았다.오감으로 즐기는 콘텐츠, 전시를 관통하는 9인의 거장의 스토리는당신의 지적 호기심과 감성을 동시에 충족시킬 즐거운 여정이다.이제 예술가의 눈으로, 귀로, 몸짓으로 세상을 만날 시간이다.","
                                
                                    15,000원
                                
                                
                                    
                                        일반 15,000원청소년 11,000원어린이 9,000원
                                    
"
41,보통의 거짓말 Ordinary Lie,"
진희서
                                    
                                
                                 외 다수
                            ",서울특별시 종로구 창의문로11길 4-1 (부암동) 서울미술관,"
                                2019-10-29 ~ 2020-02-16
                            ","
                                10:00 ~ 18:00
                                
                                    
                                    M1(본관) 10:00 ~ 18:00M2(신관) 및 석파정 11:00 ~ 17:00*전시 마감 1시간 전까지 입장 가능합니다*매주 월요일 휴관
                                
                            ","
                                10:00 ~ 18:00
                                
                                    
                                    M1(본관) 10:00 ~ 18:00M2(신관) 및 석파정 11:00 ~ 17:00*전시 마감 1시간 전까지 입장 가능합니다*매주 월요일 휴관
                                
                            ","
                                10:00 ~ 18:00
                                
                                    
                                    M1(본관) 10:00 ~ 18:00M2(신관) 및 석파정 11:00 ~ 17:00*전시 마감 1시간 전까지 입장 가능합니다*매주 월요일 휴관
                                
                            ","현대 사회는 ‘거짓말의 시대’라고 해도 과언이 아닙니다. 성공을 위해 하는 ‘거짓말’은 잘못이 아니라 ‘처세술’이라고 포장됩니다. 매일 새롭게 만들어지는 ‘가짜 뉴스’는 ‘숭고한 목적’을 위한 필연적인 ‘전략’으로 합리화됩니다. 어릴 적, ‘거짓말’은 분명 눈물을 쏙 뺄 정도로 혼날 ‘나쁜 일’이었는데, 어느샌가 ‘거짓말’은 우리의 삶을 가득 채운 필요 불가결한 존재가 되었습니다. ‘거짓말’ 자체에는 아무런 힘이 없습니다. 단지 ‘거짓말을 한다’라는 행동에 ‘의도’가 담기게 되고, 그 의도는 대체로 우리를 힘들게 만듭니다.서울미술관의 2019년 하반기 기획전 <보통의 거짓말  Ordinary Lie>에서는 ‘거짓말’에 대해, 정확히 말해 ‘거짓말을 하는 행위’의 이야기에 주목해 보고자 합니다. 인류의 시작부터 함께한 ‘거짓말’이 ‘나’ 자신을 향한 거짓말을 넘어 ‘관계’ 속에서 어떻게 작용하는지, 그리고 더 나아가 우리가 그동안 ‘진실’로 믿고 있었던 것들이 얼마나 크게 우리에게 ‘거짓말’을 하고 있었는지를 23명의 작가 작품들과 함께 탐구해 보고자 합니다. 누구나 알고는 있지만 깊게 생각하지 않았던, 그러나 어느 순간부터 그 정도와 가치가 너무 흔해진 ‘거짓말’. 거짓말에 대한 이번 전시 <보통의 거짓말 Ordinary Lie>가 새로운 예술 경험과 다양하게 생각할 주제들을 통해 관람객들에게 의미 있게 전달되기를 기대해 봅니다.","
                                
                                    11,000원
                                
                                
                                    
                                        성인 11,000원우대/학생 7,000원어린이 5,000원*본 입장권으로 서울미술관 모든 전시화 석파정 까지 관람 가능합니다.

"
42,2020년 김윤경 개인전 '하루의 의미(THE MEANING OF A DAY)',"
김윤경
",서울특별시 용산구 유엔빌리지길 24 (한남동) ,"
                                2020-02-04 ~ 2020-02-14
                            ","
                                11:00 ~ 18:00
                                
                                    
                                    월-토 오전 11:00 – 오후 6:00 (2.14일만 오후 4시까지) 매주 일요일 휴관
                                
                            ","
                                11:00 ~ 18:00
                                
                                    
                                    월-토 오전 11:00 – 오후 6:00 (2.14일만 오후 4시까지) 매주 일요일 휴관
                                
                            ","
                                11:00 ~ 18:00
                                
                                    
                                    월-토 오전 11:00 – 오후 6:00 (2.14일만 오후 4시까지) 매주 일요일 휴관
                                
                            ","2020년 김윤경 개인전 '하루의 의미(THE MEANING OF A DAY)'.필갤러리(Fill Gallery)는 매년 공모를 통해 신진작가를 선정하고 작가양성에 노력하고 있습니다. 김윤경작가의 이번 개인전은 올해 신진작가전(Fill Gallery New Artists) 공모에 선정되어 초대전으로 진행되는 전시로서, 필 갤러리의 2020년을 여는 첫 번째 자리입니다. 총 15점의 작품들로 구성된 이번 전시는, '하루의 의미'라는 주제로 회화 속 빛의 일상을 통해 삶의 성찰과 위안의 시간을 담고 있습니다. “(...) 결과적으로 어느 시간과 자리에서 파생되어온 감각과 감정은, 시각적 이미지로 재생되는 동안 영향을 주었던 인상과 감성을 이해하게 합니다. 곧 이렇게 표현해낸 작품의 이미지는, 주체적인 태도로서 삶의 주변에 대한 관찰과 자아에 대한 ‘성찰’을 반복적으로 누적한 과정의 기록들인 것입니다.(...) 어느 날, 어느 순간 만나게 된 빛은 복합적인 감정의 색과 풍부한 표정을 지녔거나 혹은 섬광처럼 번뜩이는 빛이거나, 희미하지만 여운이 남는 빛 일수도 있을 것입니다. 작품을 통해 진정한 나 자신의 모습과 삶의 어느 자리에 대해 성찰할 수 있는 시간을 가질 수 있기를 소망합니다.“ ■ 김윤경 작가노트 중에서.","
                                
                                    무료
                                
                                
                            "
43,매그넘 인 파리,"
엘리엇 어윗,
                                    
                                
                                    
                                        로버트 카파
                                    
                                
                                 외 다수
                            ",서울특별시 서초구 남부순환로 2406 (서초동) 예술의전당 한가람디자인미술관,"
                                2019-09-25 ~ 2020-02-09
                            ","
                                11:00 ~ 19:00
                                
                                    
                                    ※매월 마지막 주 월요일 휴관(2019)※매주 월요일 휴관(2020)
                                
                            ","
                                11:00 ~ 19:00
                                
                                    
                                    ※매월 마지막 주 월요일 휴관(2019)※매주 월요일 휴관(2020)
                                
                            ","
                                11:00 ~ 19:00
                                
                                    
                                    ※매월 마지막 주 월요일 휴관(2019)※매주 월요일 휴관(2020)
                                
                            ","문화콘텐츠 전문기업 가우디움어소시에이츠가 주최하는 <매그넘 인 파리> 는 세계 최고의 보도 사진가 그룹인 매그넘 포토스의 소속 작가 40명의 사진을 통해 파리의 역사와 공간을 조망해보는 파리 사진전이다. 가우디움어소시에이츠의 파리 시리즈 2탄으로 기획된 이번 전시는 2014년 파리 시청(오텔 드 빌, Hotel De Ville)에서 선보여 파리지앵들의 많은 사랑을 받았다. 이번 전시는 이런 파리를 세계 사진사에 휘황한 이름을 남긴 앙리 카르티에 브레송, 로버트 카파, 마크 리부를 비롯해 엘리어트 어윗, 마틴 파 등 세계적인 사진작가 40명의 사진 작품 267점과 122컷의 사진으로 구성된 영상 자료를 통해 바라본다. 또 파리 관련 고서 및 지도, 일러스트 32점이 출품되어 1800년대 근대 수도로서 파리의 위상을 살펴볼 수 있는 ‘살롱 드 파리’도 조성됐다. 이번 전시는 시인, 작곡가, 공예가, 영화 감독, 시각 디자이너, 조향사 등이 참여한 ‘아티스트 콜라보레이션’ 작업을 통해 ‘예술의 수도’ 파리의 모습을 다양한 스펙트럼을 통해서 보여준다.","
                                
                                    15,000원
                                
                                
                                    
                                        성인 : 15,000원청소년(만13세-18세) : 13,000원어린이(만7세-12세) : 10,000원유아(48개월-만6세) : 7,500원
                                    
"
44,우리는 물이 내려가는 것을 바라보지 않는다,"
설혜린
",서울특별시 종로구 삼청로7길 37 (팔판동) ,"
                                2020-01-29 ~ 2020-02-04
                            ","
                                11:00 ~ 18:00
                                
                            ","
                                11:00 ~ 18:00
                                
                            ","
                                11:00 ~ 18:00
                                
                            ","  화장실에서 변기 물을 내릴 때 물이 내려가는 것을 오랫동안 지켜본 적이 있는가? 보통은 물을 내리면 괜히 변기를 외면하고 싶고 빨리 자리를 뜨고 싶은 마음이 들기 마련이다. 하지만 작가의 동생은 변기 물이 내려가는 것을 관찰하는 것을 좋아한다. 물이 내려갈 때 샤워기를 이용하여 물에 변주를 주기도 한다. 물에 집착하는 것은 자폐의 초기 증상인데, 작가의 동생은 어릴 때는 자폐성 발달장애 판정을, 현재는 정신지체 판정을 받은 장애 1급이다. 작가의 동생은 말을 제대로 구사할 수 없고 정신연령은 아이와 같은 수준이다. 항상 알 수 없는 소리를 내는 동생과의 대화는 침묵 또는 학습시킨 몇 단어뿐이다. ""눈, 코, 입, 귀"", 그들은 서로의 얼굴을 가리킨다. 같은 부모 밑에서 태어나 같은 나라에 살고 있지만 그들은 대화를 할 수 없다. 언어를 넘어 감각으로, 손끝으로 그들은 소통한다.  흔히 장애를 가진 사람은 사회의 시선 아래 묻혀 있다. 사회는 ‘보통’ 사람을 중심으로 굴러간다. 대부분의 사람들은 장애인과 가까이 할 일이 없다. 시선을 그들 주위에 있는 가족들에게 돌려보자. 장애인이 존재하듯이 장애인을 가족으로 둔 사람도 존재한다. 장애인의 가족의 삶이란 어떤가? 어쩌면 그들은 사람들이 변기물이 내려가는 것을 바라보지 않는 것처럼 굳이 바라보고 싶지 않고 외면하고 싶은 존재일지도 모른다. 작가는 장애를 가진 동생을 둔 누나로써 자신이 관찰하는 개인적인 삶에 대해 말해보려 한다.","
                                
                                    무료
                                
                                
                            "
45,바우하우스와 현대 생활,"
루드비히 미스 반데어로에,
                                    
                                
                                    
                                        마르셀 브로이어
                                    
                                
                                 외 다수
                            ",서울특별시 종로구 삼청로 18 (사간동) ,"
                                2019-08-13 ~ 2020-02-02
                            ","
                                10:00 ~ 18:00
                                
                                    
                                    * 매주 월요일 휴관
                                
                            ","
                                10:00 ~ 18:00
                                
                                    
                                    * 매주 월요일 휴관
                                
                            ","
                                10:00 ~ 18:00
                                
                                    
                                    * 매주 월요일 휴관
                                
                            ","금호미술관은 2019년 8월 13일 30주년 기념 특별전 《바우하우스와 현대 생활》을 개최합니다. 전시는 마르셀 브로이어, 루드비히 미스 반데어로에 등 바우하우스 디자이너들과 루이지 콜라니, 찰스와 레이 임스 등 유럽 ∙ 미국의 국제적 디자이너들의 오리지널 디자인 120여 점을 소개합니다. 금호미술관의 컬렉션을 바탕으로 현대 생활 문화의 원류로서의 모던 디자인을 다시 살펴보는 전시는 20세기 디자이너들의 실험과 혁신이 우리에게 남긴 유산을 돌아보는 기회가 될 것입니다.","
                                
                                    7,000원
                                
                                
                                    
                                        학생: 6,000원 (중학생~대학원생) * 대학생 및 대학원생 학생증 지참 필수우대: 4,000원 (만 65세 이상, 24개월 이상~초등학생, 장애인, 국가유공자 포함)* 24개월 미만 무료 
                                    
"
46,김순기 : 게으른 구름,"
김순기
",서울특별시 종로구 삼청로 30 (소격동) 국립현대미술관 서울관,"
                                2019-08-31 ~ 2020-01-27
                            ","
                                10:00 ~ 18:00
                                
                                    
                                    - 월, 화, 수, 목, 일요일 10:00 ~ 18:00- 금, 토요일: 10:00 ~ 21:00 (18:00 ~ 21:00 야간개장 무료관람)※ 발권은 관람 종료 1시간 전까지만 가능합니다※ 휴관일 : 1월1일, 설날, 추석※ 2016년 10월 부터 휴관없는 박물관-미술관 시범 운영
                                
                            ","
                                10:00 ~ 18:00
                                
                                    
                                    - 월, 화, 수, 목, 일요일 10:00 ~ 18:00- 금, 토요일: 10:00 ~ 21:00 (18:00 ~ 21:00 야간개장 무료관람)※ 발권은 관람 종료 1시간 전까지만 가능합니다※ 휴관일 : 1월1일, 설날, 추석※ 2016년 10월 부터 휴관없는 박물관-미술관 시범 운영
                                
                            ","
                                10:00 ~ 18:00
                                
                                    
                                    - 월, 화, 수, 목, 일요일 10:00 ~ 18:00- 금, 토요일: 10:00 ~ 21:00 (18:00 ~ 21:00 야간개장 무료관람)※ 발권은 관람 종료 1시간 전까지만 가능합니다※ 휴관일 : 1월1일, 설날, 추석※ 2016년 10월 부터 휴관없는 박물관-미술관 시범 운영
                                
                            ","&<김순기: 게으른 구름>은 1960년대 후반부터 현재까지 김순기의 예술세계를 조망한다. ‘게으른 구름’은 작가가 쓴 시의 제목이자, 프랑스에서 출간한 시집의 제목이다. 자본주의 사회에서 ‘게으름’은 불성실과 나태의 상징으로 비판받지만, 김순기는 게으름의 창조적이고 철학적인 가능성에 주목한다. 무의미한 분주함, 삶의 본질을 잊게 하는 분주함 대신 김순기가 추구해온 게으른 삶은 유희의 즐거움과 놀라운 발견의 순간으로 채워져 있다. 자유롭게 변화하며 하늘에 스스로 길을 내며 흘러가는 구름처럼, 김순기는 틀에 갇히지 않은 삶을 살고, 인적이 드문 곳에 길을 내듯 시대에 앞서 새로운 예술의 길을 개척한 예술가이다. 김순기는 1946년 부여에서 태어나 서울대 서양화과를 졸업하고, 동대학원을 수료했다. 대학 시절부터 회화의 해체에 관심을 두던 중, 1971년 니스에 위치한 국제예술교류센터(Centre Artistique de Rencontre International) 의 초청작가로 선발되어 프랑스로 건너갔다. 1974년 마르세유 고등미술학교에 임용된 후 프랑스에 머물면서 작품 활동을 펼쳐 왔다. 1968혁명 이후의 자유롭고 지적인 토론이 활성화되었던 남프랑스에서 쉬포르 쉬르파스(Supports/Surfaces) 그룹 등 실험적 예술가 그룹과 교류하면서 활동했다. 특히 &lt;조형상황&gt;(1971~75) 연작 등 공공장소에서의 대규모 퍼포먼스와 비디오 등 일찍부터 철학, 예술, 테크놀로지가 어우러진 작품을 발표해왔다. 국내에는 1975년 서울 미국문화원에서 열린 <김순기 미술제> 명동예술극장에서 열린 공간 발간 100호 기념 페스티벌을 통해 실험적인 퍼포먼스와 개념미술을 소개하면서 신선한 충격을 주었다. ","
                                
                                    4,000원
                                
                                
                                    
                                        - 통합관람권은 4,000원입니다.- 무료관람일은 매월 마지막 수요일 문화가 있는 날입니다.
                                    
"
47,이경자 12회 초대 개인전,"
이경자
",서울특별시 강남구 논현로 508 (역삼동) GS 타워 지하 1층 / 지상 1층,"
                                2019-12-27 ~ 2020-01-21
                            ","
                                00:00 ~ 00:00
                                
                                    
                                    24시간 운영
                                
                            ","
                                00:00 ~ 00:00
                                
                                    
                                    24시간 운영
                                
                            ","
                                00:00 ~ 00:00
                                
                                    
                                    24시간 운영
                                
                            ",none,"
                                
                                    무료
                                
                                
                            "
